"danceability","energy","key","loudness","speechiness","acousticness","instrumentalness","liveness","valence","tempo","track.duration_ms","track.name","track.popularity","track.album.release_date"
0.33,0.183,2,-16.816,0.0366,0.861,0.923,0.124,0.0786,104.066,164106,"Concerning Hobbits (From ""The Lord of the Rings: The Fellowship of the Ring"")",31,"2004-01-01"
0.547,0.82,8,-6.728,0.0805,0.261,0,0.3,0.933,118.208,172866,"Hooked on a Feeling",77,"1973"
0.62,0.828,10,-4.685,0.0413,0.00557,0.000102,0.156,0.564,122.042,205066,"I Really Like You",0,"2015-03-02"
0.631,0.873,9,-6.341,0.0366,0.000292,0.000119,0.356,0.919,126.018,203962,"Washing over Me (feat. Morning Parade)",33,"2013-10-15"
0.617,0.728,7,-7.932,0.0292,0.0328,0.0482,0.36,0.808,139.066,238759,"L'Amour Toujours",62,"2011-01-14"
0.558,0.82,6,-5.268,0.184,0.118,0,0.322,0.832,73.917,214054,"Ultimate Assassin's Creed 3 Song",43,"2012-12-03"
0.239,0.412,2,-13.764,0.0414,0.871,0.853,0.304,0.287,147.667,109266,"Back To The Future - Skateboard Chase",0,"1990"
0.491,0.853,2,-5.419,0.041,0.00587,2.38e-06,0.0875,0.74,138.8,212893,"Summer Of '69",1,"1999-01-01"
0.802,0.756,2,-10.791,0.0349,0.0843,0.00765,0.0521,0.963,131.715,288293,"Boogie Wonderland",76,"1979-06"
0.528,0.965,11,-7.984,0.0465,0.141,0.985,0.0797,0.587,136.065,225493,"Sandstorm",73,"2000"
0.721,0.939,8,-11.823,0.0376,0.115,3.79e-05,0.108,0.914,113.309,213573,"Never Gonna Give You Up",79,"1987-11-12"
0.515,0.496,5,-8.018,0.0275,0.0244,7.24e-06,0.0895,0.442,138.61,247000,"Little Lion Man",3,"2012-11-16"
0.169,0.792,3,-7.151,0.0605,0.0323,4.88e-06,0.302,0.299,66.64,236440,"Schouder Aan Schouder",0,"2011-01-01"
0.73,0.862,11,-5.876,0.0313,0.0398,0,0.0818,0.77,104.018,200560,"All Star",0,"2005-01-01"
0.559,0.868,5,-5.276,0.17,0.0475,0.000176,0.776,0.609,156.295,209413,"Don't Stop Me Now - Remastered 2011",84,"1978-11-10"
0.499,0.364,2,-8.839,0.0307,0.467,0.0989,0.115,0.271,155.075,337053,"Majestic",49,"2010-05-11"
0.698,0.254,0,-21.228,0.422,0.629,0,0.208,0.513,150.058,91200,"Pleasure Elf",22,"2015-12-18"
0.654,0.782,10,-5.145,0.0527,0.00517,0.869,0.357,0.351,128.014,295311,"Sweets (Soda Pop) - Extended Mix",0,"2014-10-13"
0.358,0.48,9,-11.79,0.0849,0.521,0.00428,0.178,0.356,120.317,413947,"Time - 2011 Remastered Version",0,"1973-03-16"
0.277,0.178,0,-14.057,0.0325,0.896,1.75e-05,0.0854,0.173,87.417,247360,"The Last Goodbye",50,"2014-01-01"
0.229,0.0144,2,-30.935,0.032,0.855,0.000332,0.114,0.247,87.474,99680,"Misty Mountains",64,"2012-01-01"
0.769,0.813,0,-5.9,0.143,0.429,0,0.0952,0.567,92.985,269186,"I Feel It Coming",3,"2016-11-25"
0.516,0.86,10,-8.533,0.0411,0.000314,5.98e-06,0.191,0.746,169.956,216386,"Drive It Like You Stole It",51,"2016-03-18"
0.588,0.499,7,-6.655,0.0278,0.0887,0.863,0.287,0.685,107.722,124640,"Summer Montage / Madeline - From ""La La Land"" Soundtrack",0,"2016-12-09"
0.77,0.297,9,-14.722,0.0441,0.36,0.593,0.426,0.444,103.793,98213,"The Happiest Days Of Our Lives - 2001 Remastered Version",32,"2001"
0.697,0.459,0,-12.333,0.0315,0.0619,0.000591,0.0885,0.783,103.909,241200,"Another Brick In The Wall - 2001 Remastered Version",31,"2001"
0.193,0.157,9,-16.516,0.0347,0.978,0.9,0.0803,0.144,101.686,191066,"Rey's Theme",0,"2015-12-18"
0.466,0.116,0,-9.831,0.0651,0.858,0.00979,0.116,0.375,70.106,204266,"La vie en rose",53,"1998-01-01"
0.326,0.872,2,-7.602,0.122,0.214,0,0.461,0.492,173.381,508333,"Paradise By the Dashboard Light",68,"1977-10-21"
0.438,0.805,8,-6.237,0.0624,0.00255,5.69e-05,0.0842,0.564,113.253,240800,"All Along the Watchtower",80,"1968-10-25"
0.636,0.953,2,-3.74,0.0353,0.0244,0.0164,0.108,0.397,142.011,273802,"Alone",4,"2016-05-13"
0.485,0.798,1,-5.587,0.0375,0.00035,0.000184,0.0584,0.472,125.982,238293,"The Contract",0,"2016-07-01"
0.555,0.411,2,-7.695,0.0268,0.476,0.405,0.105,0.383,99.897,161493,"The Scare Floor",16,"2010-01-01"
0.644,0.879,10,-3.716,0.0458,0.447,1.27e-06,0.127,0.926,106.056,187533,"Umbrella",32,"2010-08-27"
0.584,0.752,8,-6.689,0.058,0.018,3.73e-06,0.647,0.791,125.797,228173,"Another Day Of Sun - From ""La La Land"" Soundtrack",0,"2016-12-09"
0.716,0.814,9,-6.364,0.0509,0.0187,0.00141,0.0401,0.657,114.107,188866,"Soul Man",0,"2002"
0.502,0.931,5,-4.686,0.174,0.697,3.92e-06,0.281,0.903,166.407,162093,"Johnny B. Goode",0,"1999-12-20"
0.697,0.748,2,-7.363,0.0327,0.00985,0.00973,0.0887,0.678,143.997,293462,"Human Nature (feat. Cas Haley)",0,"2012-08-27"
0.869,0.648,11,-8.698,0.0633,0.121,2.17e-05,0.126,0.9,125.035,339320,"Let's Groove",76,"1981-11-14"
0.689,0.739,2,-5.81,0.026,1.51e-05,0.509,0.064,0.578,120.423,233866,"On Melancholy Hill",78,"2010-03-03"
0.758,0.835,7,-5.454,0.04,0.0311,0.0103,0.0712,0.836,120.045,258866,"Back In Time",60,"2006-01-01"
0.43,0.863,2,-4.516,0.0803,0.00507,0.00288,0.265,0.425,101.529,258146,"Don't You Go Up The Sky",12,"2013-02-08"
0.544,0.764,4,-7.702,0.0342,0.23,0.665,0.231,0.0513,149.955,282868,"Strngr Thngs",29,"2016-09-29"
0.273,0.952,11,-8.762,0.0843,0.0169,0.0111,0.142,0.472,100.271,405640,"Paradise City",80,"1987-07-21"
0.544,0.897,3,-6.056,0.0471,0.241,0,0.13,0.647,157.17,215133,"Danger Zone - From ""Top Gun"" Original Soundtrack",74,"1997-03-25"
0.852,0.572,1,-5.086,0.149,0.147,2.62e-06,0.186,0.569,90.939,216546,"Sunshine",2,"2007-07-24"
0.427,0.879,5,-6.474,0.24,0.0778,0.184,0.869,0.713,93.347,425466,"Brooklyn",0,"2005-02-05"
0.744,0.568,0,-9.629,0.0494,0.186,1.18e-05,0.163,0.687,122.657,178400,"Love Train",70,"1972"
0.448,0.431,2,-17.414,0.0422,0.929,0.896,0.266,0.208,80.066,254360,"Duel of the Fates",0,"1999-05-04"
0.76,0.891,11,-5.852,0.0372,0.0226,0.0868,0.298,0.966,120.265,244999,"DARE",76,"2005-05-23"
0.5,0.845,11,-8.15,0.0347,0.204,0.641,0.109,0.323,82.06,226101,"Super Smash Bros. Brawl - Bramble Blast",36,"2014-03-14"
0,0.441,10,-15.045,0,0,0,0,0,0,4853,"Interlude: Elevator Going Up",0,"2017-04-28"
0.217,0.905,2,-4.103,0.0752,0.000289,0.00011,0.222,0.236,96.95,311106,"Welcome to the Black Parade",79,"2006-10-23"
0.472,0.366,11,-12.595,0.0286,0.15,0.308,0.0837,0.171,127.167,382296,"Comfortably Numb - 2011 Remastered Version",0,"1979-11-30"
0.338,0.34,9,-12.049,0.0339,0.58,0.0032,0.116,0.197,82.433,482830,"Stairway to Heaven - Remaster",81,"1971-11-08"
0.4,0.756,11,-8.423,0.0492,0.00282,0.753,0.0695,0.0924,123.828,383626,"Contact",57,"2013-05-17"
0.138,0.712,0,-5.271,0.069,0.746,0.773,0.0714,0.133,99.877,203066,"The Ecstasy of Gold - L'Estasi Dell'oro",36,"1966"
0.618,0.748,0,-8.905,0.361,0.0384,4.1e-06,0.0477,0.662,134.001,191500,"Roxanne - Remastered 2003",2,"1978-11-02"
0.45,0.846,11,-9.996,0.102,0.038,0.266,0.222,0.414,124.239,370533,"One More Time / Aerodynamic",51,"2007-11-16"
0.949,0.661,5,-4.244,0.0572,0.0302,0,0.0454,0.76,104.504,284200,"The Real Slim Shady",82,"2000-05-23"
0.392,0.402,0,-9.961,0.0536,0.288,0,0.243,0.228,143.883,354320,"Bohemian Rhapsody - Remastered 2011",76,"1975-11-21"
0.656,0.931,1,-5.827,0.0976,0.046,0,0.0543,0.909,144.747,168733,"Rock And Roll All Nite",0,"1975-03-19"
0.731,0.853,10,-4.219,0.0363,0.0352,0,0.268,0.605,108.016,225360,"Everybody (Backstreet's Back) - Radio Edit",0,"1997-10-09"
0.632,0.861,0,-5.126,0.0349,0.121,0,0.364,0.938,144.598,168586,"Baggy Trousers",0,"1982-04-23"
0.805,0.825,11,-3.981,0.0545,0.0175,3.92e-05,0.0893,0.849,123.971,168696,"Ain't No Mountain High Enough",42,"2016-06-17"
0.853,0.981,8,-3.947,0.0751,0.247,0.468,0.306,0.595,118.193,257760,"Smooth Criminal - 2012 Remaster",79,"1987-08-31"
0.866,0.788,2,-8.188,0.278,0.25,1.97e-05,0.342,0.752,158.412,247173,"Boombastic",58,"2002-01-01"
0.452,0.788,7,-5.712,0.0326,0.00283,0.000116,0.441,0.793,126.739,322093,"Carry on Wayward Son",65,"2010"
0.228,0.474,2,-10.786,0.0355,0.000607,0.943,0.14,0.37,80.767,76453,"Rango Returns",0,"2011-02-25"
0.507,0.985,0,-2.392,0.153,0.228,3.31e-05,0.19,0.394,150.059,139560,"We Got the Power (feat. Jehnny Beth)",55,"2017-04-28"
0.445,0.757,1,-5.177,0.0322,0.0206,0,0.146,0.421,102.878,266600,"Little Talks",61,"2012-01-01"
0.642,0.735,8,-8.866,0.0806,0.0172,0.000733,0.0391,0.864,99.682,244826,"Superstition - Single Version",1,"2007-01-01"
0.788,0.745,5,-7.072,0.258,0.29,0,0.0373,0.672,135.278,163893,"You're Welcome",75,"2016-11-18"
0.647,0.973,4,-5.059,0.0766,0.0369,0,0.0507,0.344,149.055,221653,"True Survivor - From ""Kung Fury""",39,"2015-05-29"
0.549,0.981,11,-3.558,0.059,0.0178,1.8e-06,0.438,0.873,82.331,185306,"I'm A Believer",0,"2001-01-01"
0.184,0.869,4,-1.396,0.0482,0.0894,0.426,0.316,0.125,169.991,136440,"Misirlou (Pulp Fiction)",22,"2010-11-01"
0.774,0.728,11,-5.556,0.0411,0.00183,4.91e-05,0.0752,0.932,118.038,198906,"Stacy's Mom",0,"2004"
0.632,0.826,0,-4.342,0.0486,0.027,4.77e-05,0.0949,0.679,141.925,159337,"Symphony (feat. Zara Larsson) - R3hab Remix",47,"2017-05-12"
0.354,0.843,11,-9.17,0.378,0.355,0.0126,0.789,0.348,137.62,310013,"Brighton Rock - Remastered 2011",54,"1974-11-08"
0.598,0.606,0,-11.812,0.0256,0.162,0.000357,0.353,0.91,97.736,287173,"Sweet Home Alabama",0,"1993-04-19"
0.433,0.85,3,-4.827,0.111,0.064,8.69e-06,0.331,0.374,124.725,195840,"Natural Blues - Radio Edit",0,"2017-05-12"
0.546,0.924,4,-4.174,0.0458,0.23,0,0.442,0.713,94.311,179040,"You're The Best",0,"2010-01-01"
0.421,0.351,0,-13.002,0.0352,0.73,0.904,0.0785,0.168,132.307,305621,"Raiders March",0,"2008-01-01"
0.574,0.913,6,-4.793,0.133,0.061,0.00158,0.156,0.423,115.728,208400,"Highway to Hell",85,"1979-07-27"
0.871,0.819,8,-5.439,0.298,0.0138,0,0.0608,0.857,98.699,345733,"Fuck Tha Police",0,"1988-08-08"
0.536,0.616,1,-10.019,0.0488,0.00159,0.773,0.195,0.101,119.988,104120,"Derezzed",49,"2010-01-01"
0.546,0.916,8,-3.932,0.255,0.00144,4.34e-06,0.251,0.375,129.983,210853,"Memories (feat. Kid Cudi)",80,"2010-11-22"
0.627,0.954,2,-4.808,0.0431,0.0014,0.000735,0.303,0.293,128.006,223111,"Destination Calabria (Original Radio Edit)",0,"2006"
0.765,0.424,9,-11.818,0.0559,0.257,0.101,0.147,0.512,103.913,157053,"Egyptian Reggae - Live",24,"2004-07-19"
0.266,0.815,9,-9.946,0.296,0.0514,0.916,0.242,0.432,187.106,192261,"Hocus Pocus - Original Single Version",52,"1971"
0.754,0.719,10,-5.806,0.371,0.373,0.259,0.12,0.674,175.99,106880,"""Was He Slow?"" - Music From The Motion Picture Baby Driver",43,"2017-06-09"
0.521,0.516,2,-7.456,0.0369,0.723,0,0.257,0.569,136.483,172480,"Beyond the Sea",61,"2004-11-23"
0.249,0.834,0,-8.21,0.0577,0.0738,9.48e-05,0.0924,0.338,118.223,547106,"Free Bird",72,"1973-01-01"
0.427,0.9,11,-3.674,0.0499,0.116,1.75e-05,0.119,0.599,104.655,334666,"Snow (Hey Oh)",81,"2006-05-09"
0.315,0.391,10,-16.064,0.0407,0.0641,0,0.292,0.553,83.16,239066,"Circle of Life - From ""The Lion King""/ Soundtrack",44,"2001-01-01"
0.84,0.654,3,-12.135,0.0621,0.08,0.000259,0.063,0.841,125.68,245800,"Give It Up",55,"1990-09-10"
0.733,0.71,5,-5.849,0.0292,0.145,0.115,0.0956,0.965,127.975,239600,"Pumped Up Kicks",86,"2011-05-23"
0.706,0.89,1,-4.444,0.0688,0.0588,0.00286,0.306,0.684,128.011,248133,"Good Feeling",60,"2011-08-29"
0.779,0.787,10,-4.305,0.108,0.0524,0,0.14,0.708,124.982,204346,"Believer",1,"2017-06-23"
0.535,0.747,5,-7.006,0.0481,0.605,0.0679,0.147,0.4,127.904,218813,"Tal Tal Heights and the Legend of Zelda Main Theme",34,"2013-11-20"
0.638,0.585,8,-5.344,0.121,0.539,5.94e-06,0.121,0.421,179.871,202097,"Story",41,"2017-05-29"
0.486,0.449,5,-10.298,0.0267,0.166,2.23e-06,0.54,0.549,100.456,254293,"Starman - 2012 Remaster",76,"1972-06-06"
0.618,0.811,4,-5.038,0.0306,0.123,0.00176,0.129,0.767,104.668,178654,"Magic - Re-Recorded",0,"2008-01-15"
0.628,0.698,6,-5.608,0.105,0.0472,0.00143,0.0907,0.732,89.976,211666,"Cheap Thrills",79,"2016-01-29"
0.929,0.794,9,-4.245,0.122,0.51,0,0.129,0.816,120.002,202892,"Krantenwijk",0,"2017-06-23"
0.776,0.687,9,-8.897,0.0292,0.0704,0,0.979,0.895,91.646,256853,"Life Is Life",55,"2015-01-06"
0.656,0.618,9,-6.608,0.0284,0.0357,0.000325,0.315,0.229,127.034,203706,"Games Continued (feat. Marie Plassard) - Radio Edit",61,"2016-02-05"
0.498,0.437,5,-7.716,0.0466,0.111,0.478,0.312,0.222,107.436,342840,"Gospel",36,"2009-10-09"
0.737,0.569,5,-6.702,0.0552,0.261,0.308,0.046,0.912,167.202,190706,"You Make My Dreams (Come True)",64,"2005-04-25"
0.523,0.78,8,-3.378,0.0748,0.0376,0,0.0751,0.187,128.003,271426,"Clarity",0,"2012-01-01"
0.775,0.719,7,-6.212,0.0435,0.132,1.79e-06,0.0662,0.712,117.513,246026,"Love Never Felt So Good",71,"2014-05-09"
0.704,0.628,5,-7.2,0.111,0.331,0,0.156,0.763,97.072,211173,"I Wan'na Be Like You",0,"2013-01-01"
0.66,0.748,2,-11.206,0.0284,0.0993,0.00585,0.283,0.972,143.549,170293,"Burning Love",70,"1973-07-16"
0.407,0.589,2,-5.32,0.03,0.547,0,0.281,0.559,109.009,204146,"Theme From New York, New York",0,"2015-04-17"
0.542,0.589,2,-6.623,0.0318,0.292,0.000522,0.177,0.137,111.665,303200,"Home",0,"2009-07-14"
0.551,0.552,10,-13.35,0.0334,0.0223,0.0315,0.119,0.379,121.989,231506,"Sweet Victory (As Heard on ""SpongeBob SquarePants"")",53,"2012-06-19"
0.428,0.787,9,-4.998,0.0849,0.315,2.03e-05,0.124,0.523,128.582,218320,"Hammer To Fall - Remastered 2011",0,"1991-10-28"
0.197,0.798,2,-7.334,0.0656,0.000545,0.414,0.187,0.525,175.068,261386,"Smokin'",64,"1976"
0.167,0.364,9,-14.121,0.0352,0.128,0.87,0.103,0.0465,84.106,77786,"Erebor",34,"2012-01-01"
0.536,0.606,7,-5.364,0.0355,0.103,1.08e-05,0.255,0.719,146.425,206266,"It Must Be Love",58,"1981-10-02"
0.449,0.585,5,-6.761,0.0268,0.0509,8.75e-05,0.0833,0.212,139.631,278719,"Paradise",82,"2011-10-24"
0.73,0.487,4,-10.991,0.0303,0.258,0.01,0.0852,0.731,114.965,226653,"Everywhere - Remastered",0,"1987-04-13"
0.724,0.851,2,-5.842,0.0345,0.0233,0.00667,0.244,0.47,127.012,355386,"Deep Of The Night (Live Version)",25,"2017-06-08"
0.511,0.979,0,-5.799,0.0426,0.0229,0.0261,0.0624,0.958,152.422,293960,"Saturday Night's Alright (For Fighting)",0,"2007-03-26"
0.65,0.82,5,-10.9,0.0356,0.0655,0.00274,0.215,0.757,135.982,215973,"Scatman (ski-ba-bop-ba-dop-bop)",71,"1995-06-01"
0.694,0.556,5,-8.558,0.0892,0.18,0.0284,0.105,0.197,119.946,220625,"Sonnentanz (Sun Don’t Shine)",0,"2013-01-01"
0.388,0.338,10,-10.054,0.0328,0.652,3.72e-06,0.248,0.477,177.784,303373,"Mr. Blue Sky",82,"1977"
0.255,0.43,9,-12.564,0.0322,0.546,1.87e-05,0.188,0.546,164.267,197813,"Take Me Home, Country Roads - Rerecorded",6,"1997-06-17"
0.72,0.912,4,-6.13,0.0363,0.551,0.00122,0.0982,0.973,122.782,126946,"Ocean Man",67,"1997-04-18"
0.677,0.834,2,-6.307,0.0315,0.000241,1.12e-05,0.107,0.339,125.995,241368,"MoonQuest",43,"2014-03-07"
0.731,0.797,5,-9.992,0.0309,0.0771,0.0248,0.334,0.933,148.192,348624,"Sultans Of Swing",1,"1978-10-07"
0.682,0.46,9,-13.124,0.0366,0.421,2.04e-05,0.11,0.663,102.016,265750,"Englishman In New York",0,"2002-01-01"
0.326,0.52,0,-10.204,0.0478,0.93,0.495,0.352,0.132,128.029,67066,"Fuga A Cavallo",45,"1967"
0.468,0.607,9,-11.367,0.0336,0.072,0.000852,0.225,0.886,98.429,263333,"Ramble On - 1990 Remaster",72,"1969-10-22"
0.643,0.669,0,-7.485,0.0398,0.208,0.00664,0.151,0.609,132.709,140773,"Fortunate Son",2,"1969-11-02"
0.564,0.719,1,-5.505,0.0475,0.0126,0.000177,0.0536,0.251,119.027,251320,"Run Away With Me",46,"2015-09-25"
0.445,0.907,11,-3.894,0.0773,0.00161,0,0.403,0.71,165.069,187880,"Wolf in Sheep's Clothing",69,"2014-10-14"
0.825,0.891,9,-6.088,0.194,0.743,0,0.192,0.638,100.026,237600,"Dakterras",48,"2016-10-15"
0.362,0.86,5,-5.707,0.0891,0.0702,0.00615,0.347,0.318,89.305,249146,"Breakthru - Remastered 2011",0,"2011-01-01"
0.62,0.936,7,-4.593,0.0308,0.0261,0,0.0679,0.763,97.527,175746,"You Can't Hurry Love - 2016 Remaster",78,"1982-11-05"
0.767,0.712,1,-4.128,0.0324,0.0409,8.08e-05,0.132,0.804,124.092,237760,"Somebody's Watching Me - Single Version",41,"2017-09-27"
0.373,0.467,0,-9.748,0.039,0.529,0.439,0.108,0.0662,85.67,397160,"Journey of the Sorcerer - 2013 Remaster",53,"1975"
0.474,0.723,2,-7.664,0.043,0.00166,9.47e-06,0.0714,0.462,80.096,193106,"Come Together",0,"2017-11-10"
0.677,0.689,3,-5.126,0.119,0.151,0.000207,0.121,0.572,147.864,219720,"When I Was Young",50,"2017-10-26"
0.55,0.913,9,-3.104,0.0661,0.00564,0,0.2,0.581,126.106,177826,"You're Gonna Go Far, Kid",0,"2008-06-17"
0.488,0.83,7,-5.331,0.0436,0.00127,0.000833,0.181,0.326,105.935,218693,"Sleepwalking",60,"2013-09-24"
0.764,0.867,4,-3.856,0.296,0.125,0,0.717,0.767,93.969,225173,"Remind Me",0,"2017-12-15"
0.671,0.373,9,-18.064,0.0323,0.257,8.01e-05,0.0481,0.732,92.718,295893,"Africa",85,"1982-04-08"
0.397,0.499,2,-10.972,0.0685,0.0766,1.55e-06,0.111,0.367,171.067,327400,"Proud Mary",69,"1993"
0.597,0.837,10,-6.518,0.375,0.00427,0.00114,0.839,0.447,126.342,171360,"Call on Me - Radio Mix",76,"2004-09-10"
0.41,0.874,0,-4.286,0.0907,0.197,0,0.0843,0.824,107.08,205933,"Come On Eileen",0,"2009-01-01"
0.421,0.451,7,-8.911,0.0996,0.532,0,0.272,0.48,169.154,190626,"Non non rien n'a changé",0,"1994-01-01"
0.587,0.862,6,-5.572,0.141,0.0015,0.000847,0.167,0.525,124.993,188134,"Little Lies",34,"2017-10-06"
0.163,0.245,0,-14.819,0.0322,0.391,0.728,0.107,0.0372,81.52,106853,"Strauss, R: Also sprach Zarathustra, Op. 30 (Opening)",0,"2006-03-15"
0.489,0.724,5,-8.367,0.0352,0.313,0.185,0.287,0.15,117.292,300400,"Baba O'Riley",0,"1971-08-14"
0.507,0.729,11,-5.399,0.0393,0.0182,1.4e-06,0.0658,0.272,105.013,243960,"Midnight City",0,"2011-10-18"
0.532,0.767,7,-5.509,0.0574,0.00287,0.000513,0.39,0.755,127.361,210173,"You Shook Me All Night Long",82,"1980-07-25"
0.824,0.925,11,-5.814,0.0965,0.0263,0.376,0.247,0.554,163.854,306000,"Freestyler",60,"2000-05-22"
0.572,0.835,0,-6.219,0.0317,0.171,0.000376,0.0702,0.796,129.994,241599,"Jump - 2015 Remaster",81,"1984-01-04"
0.755,0.832,2,-2.741,0.116,0.0746,1.27e-06,0.291,0.735,120.032,199693,"TiK ToK",1,"2010"
0.384,0.233,0,-16.664,0.0378,0.986,0.921,0.102,0.33,168.972,164502,"Mall Rat",0,"2007-03-26"
0.414,0.7,5,-8.838,0.0301,0.22,0.000721,0.114,0.37,76.79,308853,"Take The Long Way Home - 2010 Remastered",0,"1979-03-29"
0.893,0.745,11,-3.105,0.0571,0.0642,0,0.0943,0.872,101.018,223413,"Feels (feat. Pharrell Williams, Katy Perry & Big Sean)",76,"2017-06-30"
0.284,0.875,11,-6.069,0.0422,0.00752,0.000461,0.402,0.595,75.009,340907,"Alive",77,"1991-08-27"
0.645,0.657,0,-5.362,0.084,0.0162,0.000154,0.0607,0.538,115.088,192000,"It Ain't Me - Tiësto's AFTR:HRS Remix",54,"2017-04-07"
0.162,0.518,10,-9.463,0.0454,0.875,0.944,0.352,0.14,68.156,205573,"Star Trek Main Theme",0,"2013-05-17"
0.652,0.855,2,-4.832,0.0441,0.00179,0,0.0404,0.279,134.009,181672,"Without You (feat. Sandro Cavazza)",4,"2017-08-10"
0.475,0.839,11,-11.057,0.0444,0.0703,2.29e-06,0.913,0.511,130.518,207333,"I Can't Sleep Without You - Live",32,"1992-05-11"
0.67,0.643,6,-7.198,0.0286,0.221,1.58e-05,0.142,0.893,129.013,223266,"Zoutelande (feat. Geike)",60,"2017-10-20"
0.366,0.963,11,-5.301,0.142,0.000273,0.0122,0.115,0.211,137.114,366213,"Knights of Cydonia",70,"2006-06-19"
0.729,0.747,5,-5.554,0.0555,0.121,0,0.111,0.554,94.997,232506,"A New day feat.Jas Mace& Anika Hazel feat. Jas Mace & Anika Hazel",15,"2011-05-25"
0.814,0.482,9,-10.493,0.0588,0.0111,1.57e-06,0.0476,0.615,148.404,180266,"Three Little Birds",0,"1977-01-01"
0.134,0.138,9,-14.987,0.0375,0.919,0.872,0.112,0.0798,80.007,123000,"The Ring Goes South",50,"2001-11-19"
0.31,0.723,6,-4.177,0.0518,0.153,0.000138,0.377,0.743,91.888,209128,"Semicircle Song",25,"2018-01-19"
0.601,0.863,0,-4.31,0.0685,0.0626,0,0.0717,0.676,130.189,312346,"Four Out Of Five",62,"2018-05-10"
0.752,0.701,9,-6.489,0.143,0.17,0,0.119,0.82,81.004,212327,"Liefde In De Lucht",54,"2018-06-08"
0.294,0.745,5,-9.138,0.0461,0.05,0.125,0.676,0.347,134.364,210106,"School's Out",69,"1972"
0.492,0.501,2,-13.694,0.0489,0.28,0.893,0.121,0.0726,99.964,105880,"Fireworks",55,"2007-07-07"
0.428,0.608,5,-13.729,0.0655,0.0144,0.000211,0.728,0.92,188.643,131520,"Holiday Road - National Lampoon's Vacation",57,"1983"
0.703,0.696,0,-5.482,0.0529,0.0375,5.65e-06,0.274,0.366,121.969,205946,"no tears left to cry",5,"2018-04-20"
0.632,0.807,0,-5.893,0.126,0.144,0.0211,0.125,0.784,160.174,197933,"Humility (feat. George Benson)",51,"2018-05-31"
0.306,0.948,6,-4.246,0.116,0.00136,0.376,0.107,0.603,168.107,178386,"Sabotage",13,"2005-01-01"
0.262,0.777,11,-8.671,0.0632,0.0109,0.113,0.12,0.264,152.5,182733,"Live And Let Die",71,"1991-09-17"
0.45,0.478,0,-11.936,0.138,0.619,0.538,0.0913,0.24,117.34,140125,"Wakanda",0,"2018-02-16"
0.851,0.551,4,-5.177,0.0396,0.151,0,0.0827,0.807,131.922,219466,"I'm Gonna Be (500 Miles)",76,"2003-09-01"
0.577,0.741,6,-3.83,0.0501,0.298,0,0.142,0.581,128.081,230613,"Waiting For Love",1,"2015-10-02"
0.577,0.646,0,-5.902,0.13,0.0913,4.18e-05,0.17,0.575,169.769,195093,"Good Morning",0,"2007-09-11"
0.82,0.528,9,-11.179,0.0321,0.111,0.0186,0.257,0.931,120.091,272106,"All I Wanna Do",70,"1993-08-03"
0.591,0.804,0,-7.299,0.0454,0.327,5.98e-06,0.0818,0.658,111.457,329413,"Edge of Seventeen - 2016 Remaster",66,"2016-11-04"
0.854,0.463,5,-6.159,0.137,0.117,0,0.354,0.549,120.024,225773,"This Is America",76,"2018-05-06"
0.525,0.482,2,-16.438,0.0294,0.155,0.895,0.0927,0.208,84.985,185815,"Wolf Blood",45,"2013-05-05"
0.5,0.681,0,-9.556,0.0672,0.114,4.01e-05,0.139,0.745,119.46,263333,"Send Me on My Way",74,"1996-11-12"
0.254,0.534,0,-10.018,0.0361,0.00364,6.29e-05,0.34,0.216,79.558,290586,"Deceit & Woo",19,"2018-05-04"
0.404,0.903,1,-3.88,0.0668,0.577,0.297,0.287,0.498,115.672,423840,"Layla - 40th Anniversary Version / 2010 Remastered",0,"1970-11-01"
0.462,0.619,6,-8.507,0.08,0.801,4.82e-06,0.946,0.765,150.426,262728,"Het Land Van - Live",1,"2005-11-24"
0.714,0.79,5,-3.757,0.109,0.317,1.27e-05,0.198,0.904,97.012,220946,"Sterrenstof",64,"2010-01-01"
0.564,0.616,7,-10.245,0.0277,0.025,0.000109,0.0845,0.124,131.068,276773,"Blauw",46,"1990-01-01"
0.491,0.512,5,-13.044,0.0622,0.0125,0.131,0.0674,0.665,101.999,207733,"Rosalyn",42,"1992"
0.771,0.661,10,-6.718,0.0916,0.131,5.45e-06,0.114,0.183,104.884,195469,"Verleden Tijd",59,"2018-09-07"
0.519,0.697,4,-7.252,0.0403,0.0429,0.000653,0.248,0.367,129.929,264706,"Blauwe Ruis",36,"2012-01-01"
0.586,0.653,11,-8.576,0.0315,0.215,0.000555,0.133,0.388,99.454,244933,"Stil In Mij",60,"1995-04-18"
0.551,0.894,8,-5.789,0.0588,0.0753,0,0.181,0.417,166.886,233533,"Te min voor Anja",0,"2003"
0.969,0.656,2,-8.467,0.0825,0.0241,0,0.0617,0.792,106.973,211800,"Leipe Mocro Flavour",27,"2013-04-03"
0.692,0.752,9,-9.551,0.0974,0.134,0,0.122,0.915,166.658,197626,"Smoorverliefd",50,"2008-01-01"
0.772,0.497,4,-9.673,0.119,0.15,3.01e-06,0.214,0.875,154.083,203961,"Linde Met Een E",40,"2016-02-05"
0.606,0.859,0,-8.723,0.0375,0.0306,0,0.255,0.639,132.021,242733,"Dromen Zijn Bedrog",58,"1994-01-01"
0.756,0.724,7,-7.706,0.235,0.0458,0.00139,0.948,0.513,134.935,280080,"Zandloper",49,"2014-06-20"
0.691,0.224,5,-15,0.0586,0.917,0.035,0.11,0.468,90.74,232693,"Hilversum 3",42,"1998-01-01"
0.27,0.56,4,-15.715,0.0382,0.193,0.00323,0.952,0.563,185.134,449840,"Mad Love's Comin' - Live",25,"1992-05-11"
0.406,0.492,9,-8.541,0.0292,0.505,2.33e-06,0.958,0.154,130.414,295680,"In Nije Dei",41,"2004"
0.808,0.645,8,-6.928,0.0572,0.353,0.000931,0.152,0.81,111.962,229160,"Slapeloze Nachten",59,"2012-01-01"
0.624,0.628,7,-9.846,0.0303,0.434,0,0.179,0.783,108.102,225493,"Het Regent Zonnestralen",57,"1998-09-21"
0.612,0.321,0,-15.231,0.0506,0.629,1.05e-05,0.144,0.287,95.977,209493,"Over De Muur",58,"1987-01-01"
0.335,0.977,9,-5.123,0.346,0.000143,0.000986,0.0972,0.258,170.92,196373,"Annie uut de bochte",1,"2014-05-30"
0.704,0.658,7,-5.534,0.163,0.579,0,0.305,0.714,125.172,189514,"Miljonair (feat. SBMG, Lil' Kleine, Boef & Ronnie Flex)",58,"2018"
0.697,0.946,3,-3.548,0.0696,0.635,0,0.0949,0.885,121.279,192266,"'t Dondert En 't Bliksemt",52,"1997"
0.825,0.435,1,-9.582,0.0568,0.452,0.609,0.0953,0.243,119.038,259102,"Sail",78,"2011"
0.78,0.565,3,-7.32,0.0306,0.736,0.00269,0.063,0.365,101.967,322133,"Another Day in Paradise - 2016 Remaster",76,"1989-11-20"
0.316,0.484,9,-9.11,0.0308,0.000334,0.00445,0.0912,0.299,117.363,269906,"House of the Rising Sun",76,"1987-10-19"
0.427,0.783,0,-6.107,0.136,0.0031,9.41e-06,0.447,0.351,195.047,181186,"Heist",46,"2006-05-16"
0.621,0.8,4,-7.284,0.0344,0.0263,1.51e-05,0.0591,0.968,149.91,235440,"Crocodile Rock",73,"1973-01-22"
0.692,0.466,0,-10.741,0.0292,0.743,0.109,0.1,0.561,114.999,266200,"Orinoco Flow - 2009 Remaster",66,"1988-09-05"
0.569,0.83,9,-4.106,0.14,0.0807,0,0.114,0.609,170.094,186634,"I Write Sins Not Tragedies",76,"2005-09-27"
0.84,0.757,1,-8.469,0.167,0.00385,1.15e-05,0.284,0.542,105.938,227600,"Intergalactic - Fuzzy Logic Remix",27,"1998-01-01"
0.7,0.864,7,-3.629,0.0283,0.0212,0,0.0956,0.887,102.997,297586,"All Summer Long",75,"2007-10-09"
0.58,0.789,4,-7.941,0.0369,0.141,0.000132,0.511,0.56,122.01,322666,"You Don't Fool Me",45,"1999-11-09"
0.719,0.671,8,-6.279,0.0336,0.0372,8.21e-06,0.12,0.786,130.027,237626,"Cool Kids",73,"2013-10-04"
0.599,0.426,4,-10.929,0.112,0.337,0.000219,0.955,0.336,113.597,314786,"My Baby Just Cares For Me - Live",34,"2018-09-05"
0.36,0.672,10,-9.769,0.048,0.0167,0.000671,0.11,0.316,112.207,487426,"Worn Down Piano",36,"2012-12-07"
0.373,0.937,11,-2.133,0.0834,0.000811,6.37e-05,0.815,0.46,150.242,183773,"Black Eyes",61,"2018-10-05"
0.745,0.466,4,-7.62,0.0864,0.00666,0.35,0.272,0.303,123.889,231920,"Seven Nation Army",3,"2003-04-01"
0.427,0.459,9,-12.442,0.0332,0.116,0.000103,0.132,0.383,129.878,293440,"Crazy On You",68,"1975"
0.641,0.849,6,-6.314,0.0289,0.14,0.00278,0.186,0.719,108.066,324093,"The Ghost Of Macon Jones",32,"2018-09-21"
0.622,0.842,11,-3.678,0.0609,0.00342,0.00014,0.0575,0.724,136.041,235600,"Pressure",0,"2018-09-27"
0.538,0.698,11,-4.282,0.305,0.0103,3.45e-06,0.134,0.424,118.752,335146,"A Place With No Name",59,"2014-05-09"
0.684,0.573,5,-12.3,0.0261,0.318,0.028,0.306,0.716,107.363,378946,"Tarzan Boy",71,"1985-01-01"
0.171,0.505,7,-10.525,0.0521,0.431,0.962,0.262,0.0796,92.613,197213,"Portals",62,"2019-04-26"
0.761,0.67,2,-12.759,0.0438,0.21,0.000426,0.0685,0.91,120.752,215173,"Raspberry Beret",72,"1985-04-22"
0.767,0.891,0,-3.01,0.0901,0.00615,0,0.406,0.824,119.91,195333,"Juice",0,"2019-01-04"
0.671,0.712,2,-7.815,0.0476,0.429,0,0.103,0.462,113.805,248440,"Under Pressure - Remastered 2011",82,"1982-05-03"
0.373,0.857,6,-7.891,0.0729,0.0255,0.00092,0.983,0.139,128.1,390407,"Where The Streets Have No Name - Live",48,"1987-03-03"
0.618,0.635,8,-10.064,0.039,0.11,0.00558,0.971,0.408,96.265,373248,"Sledgehammer - Live",28,"2019-02-08"
0.688,0.794,0,-5.608,0.0292,0.0991,0.127,0.169,0.53,116.953,210520,"Million Dollar",35,"2019-02-22"
0.702,0.613,5,-10.157,0.269,0.0569,2.47e-05,0.15,0.741,99.919,246000,"Kwijt",19,"2019-01-25"
0.534,0.605,9,-4.366,0.113,0.00865,0.00826,0.0781,0.56,123.003,215266,"Steady, As She Goes",0,"2006-05-15"
0.74,0.876,6,-6.87,0.0369,0.0173,0.00152,0.0785,0.825,127.002,285426,"The Riddle",68,"2006-01-10"
0.829,0.792,2,-3.755,0.0668,0.726,5.83e-06,0.122,0.758,118.05,215506,"Baby I'm Yours",72,"2012-09-17"
0.6,0.706,10,-7.899,0.361,0.209,0,0.125,0.58,173.926,253533,"I Got 5 On It",75,"1995-01-01"
0.637,0.745,9,-7.111,0.0518,0.514,0,0.345,0.519,105.919,352293,"Jeanny",44,"1999-01-25"
0.533,0.752,7,-6.935,0.0503,0.193,0.00894,0.979,0.285,108.934,345000,"While My Guitar Gently Weeps - Live",42,"2003-03-25"
0.51,0.389,2,-14.317,0.0384,0.286,0.000398,0.644,0.621,94.04,260440,"Layla - Acoustic; Live at MTV Unplugged, Bray Film Studios, Windsor, England, UK, 1/16/1992; 1999 Remaster",60,"1999-10-12"
0.451,0.931,9,-3.871,0.0719,0.00076,0.0049,0.361,0.172,122.961,302840,"Kids",80,"2007-12-14"
0.54,0.881,1,-5.763,0.0404,0.00663,0.0884,0.0789,0.656,97.978,197755,"Één nacht eeuwigheid",26,"2019-01-04"
0.746,0.581,5,-9.69,0.142,0.119,0.000865,0.0494,0.94,121.567,255333,"Dolce Vita (Album Vers.)",0,"2006-05-02"
0.878,0.619,6,-5.56,0.102,0.0533,0,0.113,0.639,136.041,157066,"Old Town Road (feat. Billy Ray Cyrus) - Remix",11,"2019-04-05"
0.547,0.4,0,-17.397,0.31,0.879,0,0.186,0.446,96.14,52973,"""I Never Knew Music Could Be Like That""",12,"2019-08-09"
0.27,0.944,4,-4.199,0.0975,0.00501,2.05e-05,0.116,0.606,146.347,269920,"Born to Run",74,"1975-08-25"
0.541,0.571,7,-8.308,0.16,0.0123,1.55e-06,0.0933,0.73,77.335,289586,"So Lonely",68,"1978-11-02"
0.456,0.696,5,-10,0.0653,0.291,0.000207,0.0853,0.508,142.156,428133,"Blinded by the Light",62,"1976-08-27"
0.543,0.715,2,-8.89,0.0356,0.0192,0,0.256,0.468,124.011,180943,"Pinball Wizard",71,"1969-05-23"
0.293,0.691,9,-5.245,0.0575,0.19,4e-06,0.0899,0.513,182.256,386360,"It's Late - Remastered 2011",57,"1977-10-28"
0.549,0.858,2,-4.763,0.0342,0.00643,0,0.411,0.912,117.806,199506,"Bang On The Piano",15,"2008-05-05"
0.524,0.526,7,-10.15,0.0325,0.392,0.00114,0.631,0.446,116.626,308706,"The River - Live at Madison Square Garden, New York City, NY - September 1979",22,"2019-08-09"
0.574,0.96,9,-4.906,0.032,0.0457,0,0.121,0.978,117.486,254733,"Glory Days",71,"1984-06-04"
0.755,0.641,9,-7.256,0.217,0.0577,1.1e-05,0.173,0.796,88.022,152386,"Van de DUO naar de Dealer",28,"2018-08-20"
0.731,0.738,9,-8.125,0.0377,0.184,0,0.214,0.958,117.656,236920,"Don't You Want Me",77,"1981"
0.701,0.425,7,-10.965,0.375,0.328,0.13,0.1,0.562,135.128,194087,"bad guy",90,"2019-03-29"
0.516,0.825,8,-6.259,0.042,0.0426,0,0.127,0.866,125.733,182386,"Good Thing",47,"2019-07-26"
0.867,0.646,1,-4.674,0.288,0.303,0,0.279,0.67,88.634,304600,"No Diggity",77,"1996-09-09"
0.321,0.636,7,-8.475,0.0402,0.58,1.65e-06,0.964,0.228,113.55,192487,"Feeling Good - Live",36,"2001"
0.712,0.967,7,-5.206,0.047,0.0771,0,0.356,0.895,145.024,287733,"We Didn't Start the Fire",77,"1989-10-17"
0.49,0.758,7,-6.491,0.0297,0.000671,0.484,0.092,0.435,112.114,371413,"Heroes - 2017 Remaster",78,"1977"
0.617,0.778,9,-8.871,0.027,0.459,0.925,0.128,0.152,100.363,127920,"Intro",62,"2009-08-16"
0.503,0.808,11,-5.051,0.0451,0.0258,0.00149,0.557,0.282,107.973,197533,"Orphans",27,"2019-11-22"
0.644,0.683,2,-14.454,0.0336,0.0962,0,0.252,0.903,112.894,268283,"Meisjes",39,"1990-01-01"
0.456,0.828,1,-6.225,0.077,0.0244,0,0.21,0.313,116.719,189132,"Into the Unknown - Panic! At The Disco Version",74,"2019-11-15"
0.398,0.938,9,-4.376,0.139,0.0324,0,0.241,0.835,150.233,216306,"The Night Pat Murphy Died",49,"2007-01-12"
0.478,0.222,0,-12.274,0.029,0.567,1.23e-06,0.653,0.284,109.156,279253,"Western Stars - Film Version",42,"2019-10-25"
0.358,0.41,3,-8.318,0.0343,0.657,4.96e-06,0.0742,0.498,83.98,254426,"Malle Babbe",49,"2007-01-01"
0.586,0.786,2,-3.768,0.0484,0.0212,9.35e-05,0.642,0.326,115.959,273013,"It Might Be Time",1,"2019-10-28"
0.323,0.912,9,-2.059,0.0425,0.0219,0,0.373,0.609,108.084,306520,"Rose Tattoo",59,"2013-01-08"
0.752,0.702,10,-4.927,0.0378,0.296,0,0.103,0.324,119.987,209407,"Stop This Flame",69,"2020-01-09"
0.578,0.669,8,-8.706,0.0384,0.195,0,0.114,0.485,109.997,222533,"Het allerlaatste liedje",38,"2019-11-27"
0.742,0.713,7,-6.552,0.0577,0.0718,0,0.689,0.476,119.919,262500,"Revenge - Remix",64,"2019-08-14"
0.597,0.92,1,-4.61,0.0377,0.0811,0.246,0.162,0.266,125.024,204677,"California Dreamin - Calvo Remix",33,"2016-02-03"
0.617,0.607,1,-7.015,0.0231,0.000876,0.0701,0.0918,0.446,102.068,236150,"Narcotic - Radio Edit",70,"1998-07-10"
0.672,0.775,4,-9.098,0.0454,0.673,3.43e-06,0.115,0.883,102.119,112706,"Rip It Up",46,"1956-10-19"
0.57,0.777,8,-7.329,0.216,0.205,1.4e-05,0.411,0.965,110.058,250612,"Geen Centen Maar Spullen",44,"2020-01-16"
0.729,0.989,9,-4.613,0.049,0.0102,4.45e-05,0.443,0.84,126.47,352906,"When Doves Cry",73,"1984-06-25"
0.547,0.936,2,-4.997,0.0415,0.0343,7.69e-05,0.107,0.735,142.995,209760,"Burning Love - with The Royal Philharmonic Orchestra",50,"2015-10-30"
0.531,0.909,9,-2.366,0.0573,0.0122,0,0.364,0.947,135.218,159466,"Angela",0,"2020-02-14"
0.352,0.928,1,-3.71,0.0758,0.00113,0,0.0987,0.239,148.026,222106,"Mr. Brightside",41,"2004-06-07"
0.604,0.755,0,-10.761,0.0337,0.000295,0.812,0.0625,0.388,137.064,243266,"Children",70,"1996-07-11"
0.282,0.862,3,-6.689,0.139,9.51e-06,0.00774,0.473,0.424,187.483,41000,"IK WEET NIET MEER WAAR IK WAS OP 9/11",22,"2020-06-26"
0.554,0.708,7,-9.715,0.0335,0.0893,2.28e-05,0.407,0.964,138.171,181906,"Never Be Clever",41,"2017-11-10"
0.412,0.953,4,-8.103,0.533,0.455,0,0.232,0.553,191.722,248466,"Steal My Sunshine",57,"1999"
0.433,0.32,7,-21.363,0.173,0.204,9.18e-05,0.983,0.522,120.071,192666,"Fire - Live at the Winterland, San Francisco, CA - December 1978",43,"1986-11-10"
0.438,0.575,0,-11.519,0.34,0.285,9.96e-05,0.0874,0.682,174.376,193200,"Alles Is Gezegend",45,"2020-04-01"
0.611,0.571,4,-11.72,0.0314,0.0939,0.787,0.164,0.386,120.049,384906,"Calling Elvis",57,"1991-09-10"
0.71,0.906,0,-6.493,0.0427,0.00668,0.000128,0.308,0.87,105.981,185413,"Bossa Nova Baby - Viva Mix",0,"2014-05-30"
0.674,0.844,2,-7.771,0.0695,0.00992,0.000153,0.0779,0.177,120.974,202144,"Colours & Lights - Clément Leroux Remix",23,"2019-12-20"
0.489,0.627,9,-12.826,0.0691,0.371,0.00635,0.267,0.461,139.788,225440,"Here Is the News",46,"1981-08-01"
0.483,0.753,1,-8.937,0.0832,0.425,0.000142,0.257,0.42,115.102,261093,"The Man Who Sold The World",76,"1994-11-01"
0.865,0.665,7,-6.289,0.073,0.0453,0,0.224,0.331,111.113,268826,"Changes",67,"1998-01-01"
0.749,0.954,9,-7.183,0.0637,0.09,0.0152,0.0937,0.67,130.016,228040,"Lalala",0,"2017-08-25"
0.561,0.997,2,-1.795,0.137,0.337,0.0556,0.0583,0.216,153.055,208261,"Villa Volta",43,"2017-01-18"
0.679,0.697,4,-5.369,0.0454,0.0148,0.0119,0.124,0.776,110.558,247010,"Living In A Ghost Town",67,"2020-04-23"
0.749,0.71,7,-6.63,0.0331,0.0163,0.0237,0.0892,0.678,120.005,166213,"Bad Ideas",54,"2016-07-15"
0.775,0.866,9,-3.598,0.0295,0.135,0.0376,0.152,0.875,131.338,295066,"Gloria",67,"1995-06-06"
0.913,0.596,11,-12.477,0.0707,0.00658,0.00349,0.078,0.973,127.215,272133,"Push It",69,"1986-12-08"
0.471,0.891,9,-9.463,0.0385,0.00859,0.0434,0.112,0.612,174.067,194573,"Scarlet - The Killers & Jacques Lu Cont Remix",25,"2020-08-28"
0.583,0.414,5,-16.409,0.0289,0.13,0.000616,0.064,0.532,97.542,309533,"Pamela",56,"1988-03-01"
0.546,0.814,7,-5.146,0.0314,0.023,0,0.0972,0.146,104.98,285653,"Wake Me up When September Ends",78,"2004-09-21"
0.444,0.309,8,-10.956,0.062,0.795,0.132,0.352,0.0875,104.745,208155,"my future",84,"2020-07-30"
0.796,0.573,0,-8.258,0.0359,0.241,0.00891,0.0317,0.965,100.662,231153,"Baby Girl",20,"2020-06-12"
0.731,0.664,0,-5.474,0.0302,0.00309,0.35,0.133,0.661,118.019,239266,"Is It True",48,"2020-08-21"
0.822,0.696,0,-8.468,0.0474,0.0603,0.000144,0.0717,0.856,117.049,221708,"Ja Ja Nee Nee",49,"2020-08-21"
0.546,0.808,9,-7.413,0.0338,0.000864,8.69e-05,0.113,0.489,118.117,295493,"Letter To You",58,"2020-09-10"
0.397,0.849,5,-8.604,0.0524,0.52,0.232,0.856,0.941,96.468,319666,"I Washed My Hands In Muddy Water",26,"2020-08-07"
0.655,0.921,0,-7.453,0.0607,0.00814,0.00252,0.694,0.773,103.981,227500,"Crash & Burn",2,"2020-07-31"
0.38,0.416,7,-10.237,0.0383,0.886,1.2e-05,0.156,0.604,93.445,142125,"AUATC",67,"2020-08-05"
0.855,0.679,9,-5.823,0.0365,0.173,0.00735,0.09,0.394,120.037,188000,"André Kuipers",33,"2019-05-13"
0.656,0.78,1,-4.743,0.0854,0.00112,0.02,0.151,0.607,151.401,246000,"Dying Breed",59,"2020-08-21"
0.848,0.805,11,-4.451,0.0465,0.00951,0.00451,0.142,0.932,118.052,160692,"Broke",48,"2020-08-28"
0.823,0.83,5,-4.78,0.224,0.0373,0,0.0621,0.658,93.043,228504,"All Bad (feat. Anderson .Paak)",58,"2020-08-21"
0.704,0.618,1,-6.134,0.235,0.00342,0.00101,0.152,0.667,179.913,163149,"Turntables (from the Amazon Original Movie ""All In: The Fight for Democracy"")",58,"2020-09-08"
0.605,0.636,11,-8.869,0.0283,0.0452,0.224,0.209,0.961,133.359,216440,"Teken aan de Wand",10,"2020-10-16"
0.303,0.924,3,-6.511,0.0737,0.000143,0.000548,0.118,0.567,178.178,213586,"The Weight",60,"2020-10-01"
0.582,0.829,2,-5.6,0.034,0.0022,0.00297,0.241,0.507,114.008,221388,"Get It Back",49,"2020-10-11"
0.403,0.245,0,-11.862,0.0569,0.969,4.74e-05,0.119,0.148,128.333,200661,"Let Me Love You Like A Woman",75,"2020-10-16"
0.645,0.572,7,-6.587,0.0686,0.104,0.000838,0.0814,0.662,180.089,174693,"Wicked Weed",18,"2006"
0.749,0.679,6,-6.205,0.0292,0.177,0,0.0756,0.552,101.954,182631,"Forever Yours",67,"2020-10-08"
0.532,0.673,11,-9.323,0.0277,0.00231,0.003,0.277,0.689,98.192,307810,"Yes You Do - single edit",41,"2020-10-30"
0.229,0.888,6,-2.641,0.097,0.00258,1.67e-06,0.365,0.268,156.254,222893,"Wild Child (with Tom Morello)",57,"2020-10-16"
0.476,0.975,7,-4.198,0.0757,0.0172,0.0436,0.872,0.522,116.957,297110,"Honky Tonk Women - Live",32,"2016-11-11"
0.75,0.856,2,-5.802,0.0457,0.0778,3.65e-05,0.117,0.94,130.034,181028,"The Valley of The Pagans (feat. Beck)",69,"2020-10-23"
