Country;Year;Medals Won;Medals Last Year;GDP;Populatie;Land in Km2;HostCountry
Zimbabwe;2004;3;0;24030000000;12671860;390757;0
Zimbabwe;2008;4;3;4415702800;12311143;386850;0
Zimbabwe;2012;0;4;9200000000;13014000;390757;0
Zimbabwe;2016;0;0;16289000000;15602751;390757;0
Zambia;2004;0;0;8596000000;10462436;752612;0
Zambia;2008;0;0;17910858638;11477447;743390;0
Zambia;2012;0;0;18400000000;13092666;752612;0
Zambia;2012;0;0;18400000000;13092666;825615;0
Zambia;2016;0;0;19551000000;16211767;752612;0
Yemen;2004;0;0;15220000000;20024867;527968;0
Yemen;2008;0;0;26910851362;22230531;527970;0
Yemen;2012;0;0;36700000000;24527000;527968;0
Yemen;2016;0;0;27318000000;26832215;527968;0
Vietnam;2004;0;1;203900000000;82689518;331212;0
Vietnam;2008;1;0;99130304099;85262356;310070;0
Vietnam;2012;0;1;121600000000;87840000;331212;0
Vietnam;2016;2;0;202616000000;91703800;331212;0
Venezuela;2004;0;0;117900000000;25017387;916445;0
Venezuela;2008;1;0;315953000000;26023528;882050;0
Venezuela;2012;0;1;309800000000;28946101;916445;0
Venezuela;2016;3;0;371337000000;31108083;916445;0
Vanuatu;2004;0;0;563000000;202609;12189;0
Vanuatu;2008;0;0;6079586161;211971;12190;0
Vanuatu;2012;0;0;800000000;234023;12189;0
Vanuatu;2016;0;0;774000000;264652;12189;0
Uzbekistan;2004;0;4;44110000000;26410416;447400;0
Uzbekistan;2008;4;0;29549438884;27780059;425400;0
Uzbekistan;2012;3;4;43700000000;29123400;447400;0
Uzbekistan;2016;13;3;67220000000;31299500;447400;0
Uruguay;2004;0;1;42940000000;3399237;176215;0
Uruguay;2008;0;0;30366213118;3460607;175020;0
Uruguay;2012;0;0;49400000000;3286314;176215;0
Uruguay;2016;0;0;52420000000;3431555;176215;0
United States;2004;101;93;10980000000000;293027571;9525067;0
United States;2008;112;101;14712800000000;301139947;9160000;0
United States;2012;104;112;15060000000000;313900000;9525067;0
United States;2016;121;104;18569100000000;321418820;9525067;0
United Arab Emirates;2004;0;0;57700000000;2523915;83600;0
United Arab Emirates;2008;0;0;315475000000;4444011;83600;0
United Arab Emirates;2012;0;0;358100000000;8264070;83600;0
United Arab Emirates;2016;1;0;348743000000;9156963;83600;0
Ukraine;2004;22;23;256500000000;47732079;603500;0
Ukraine;2008;22;22;179817000000;46299862;579330;0
Ukraine;2012;19;22;162900000000;45560272;603500;0
Ukraine;2016;11;19;93270000000;45198200;603500;0
Uganda;2004;0;0;36100000000;26404543;241550;0
Uganda;2008;0;0;14440404021;30262610;197100;0
Uganda;2012;0;0;16000000000;34131400;241550;0
Uganda;2012;0;0;16000000000;34131400;26338;0
Uganda;2016;0;0;25528000000;39032383;241550;0
Tuvalu;2004;0;0;3029021976;11468;26;0
Tuvalu;2008;0;0;3029021976;11992;30;0
Tuvalu;2012;0;0;3200000000;10000;26;0
Tuvalu;2016;0;0;3400000000;11225;26;0
Turkmenistan;2004;0;0;27070000000;4863169;488100;0
Turkmenistan;2008;0;0;19271523179;5097028;469930;0
Turkmenistan;2012;0;0;24100000000;5170000;488100;0
Turkmenistan;2016;0;0;36180000000;5373502;488100;0
Turkey;2004;11;5;455300000000;68893918;783562;0
Turkey;2008;5;11;770449000000;71158647;769630;0
Turkey;2012;3;5;763100000000;74724269;783562;0
Turkey;2016;8;3;857749000000;78665830;783562;0
Tunisia;2004;0;0;68780000000;9974722;163610;0
Tunisia;2008;1;0;44856586316;10276158;155360;0
Tunisia;2012;3;1;48900000000;10673800;163610;0
Tunisia;2016;3;3;42063000000;11107800;163610;0
Trinidad & Tobago;2004;0;0;27871587350;;;0
Trinidad & Tobago;2008;2;0;27871587350;1056608;5130;0
Trinidad & Tobago;2012;0;2;27871587350;0;5130;0
Tonga;2004;0;0;236000000;110237;747;0
Tonga;2008;0;0;344428609;116921;720;0
Tonga;2012;0;0;400000000;103036;747;0
Tonga;2016;0;0;395000000;106170;747;0
Togo;2004;0;0;8232000000;5556812;56785;0
Togo;2008;1;0;3310277927;5701579;54390;0
Togo;2012;0;1;3600000000;6191155;56785;0
Togo;2016;0;0;4400000000;7304578;56785;0
Timor-Leste;2004;0;0;700000000;;;0
Timor-Leste;2012;0;0;700000000;1066409;0;0
Timor-Leste;2016;0;0;1417000000;121900000;15007;0
The Gambia;2004;0;0;1561763437;;11295;0
The Gambia;2008;0;0;1561763437;1689000;10000;0
The Gambia;2012;0;0;965000000;0;11295;0
The Gambia;2016;0;0;965000000;2149000;11295;0
Thailand;2004;8;3;475700000000;64865523;513120;0
Thailand;2008;6;8;291383000000;65068149;510890;0
Thailand;2012;4;6;339400000000;65479453;513120;0
Thailand;2016;6;4;406840000000;67959359;513120;0
Tanzania;2004;0;0;21580000000;36588225;945087;0
Tanzania;2008;0;0;27941177435;39384223;885800;0
Tanzania;2012;0;0;23200000000;43188000;945087;0
Tanzania;2016;0;0;47431000000;53470420;945087;0
Tajikistan;2004;0;0;6996000000;7011556;143100;0
Tajikistan;2008;2;0;5161337336;7076598;139960;0
Tajikistan;2012;0;2;6800000000;7800000;143100;0
Tajikistan;2016;1;0;6952000000;8481855;143100;0
Syria;2004;0;0;58010000000;18016874;185180;0
Syria;2008;0;0;52631000;19314747;183630;0
Syria;2012;0;0;64700000000;21852000;185180;0
Switzerland;2004;0;9;239800000000;7450867;41284;0
Switzerland;2008;7;0;554363000000;7554661;40000;0
Switzerland;2012;4;7;665900000000;8000001;41284;0
Switzerland;2016;7;4;659827000000;8286976;41284;0
Sweden;2004;7;12;238100000000;8986400;450295;0
Sweden;2008;5;7;517706000000;9031088;410330;0
Sweden;2012;8;5;571600000000;9540065;450295;0
Sweden;2016;11;8;511000000;9798871;450295;0
Swaziland;2004;0;0;5702000000;1169241;;0
Swaziland;2008;0;0;3294000000;1133066;17200;0
Swaziland;2012;0;0;3900000000;1220000;176120;0
Swaziland;2012;0;0;3900000000;1220000;513120;0
Swaziland;2016;0;0;3727000000;1286970;176120;0
Suriname;2004;0;0;1533000000;436935;163820;0
Suriname;2008;0;0;3532969035;470784;156000;0
Suriname;2012;0;0;3900000000;534000;163820;0
Suriname;2016;0;0;3621000000;542975;163820;0
Sudan;2004;0;0;70750000000;39148162;1861484;0
Sudan;2008;1;0;54526580232;39379358;2380000;0
Sudan;2012;0;1;63300000000;30894000;1861484;0
Sudan;2016;0;0;95584000000;40234882;1861484;0
Sri Lanka;2004;0;1;73490000000;19905165;65610;0
Sri Lanka;2008;0;0;40713812310;20926315;64630;0
Sri Lanka;2012;0;0;58800000000;20277597;65610;0
Sri Lanka;2016;0;0;81322000000;20966000;65610;0
Spain;2004;20;11;885500000000;40280780;505992;0
Spain;2008;19;20;1625220000000;40448191;498980;0
Spain;2012;18;19;1537000000000;46163116;505992;0
Spain;2016;17;18;1232088000;46418269;505992;0
South Sudan;2004;0;0;13282000000;;644329;0
South Sudan;2012;0;0;13282000000;8260490;644329;0
South Sudan;2016;0;0;13282000000;10830000;644329;0
South Korea;2004;30;28;1002000000000;;100210;0
South Korea;2008;32;30;1002000000000;49050000;100032;0
South Korea;2012;30;32;1223000000000;50004441;100210;0
South Korea;2016;21;30;1411250000000;51250000;100210;0
South Africa;2004;6;;456700000000;42718530;1221037;0
South Africa;2008;1;6;286770000000;43997828;1210000;0
South Africa;2012;6;1;422000000000;51770560;1221037;0
South Africa;2016;10;6;294841000000;54956920;1221037;0
Somalia;2004;0;0;4361000000;8304601;637657;0
Somalia;2008;0;0;1768000000;9118773;627340;0
Somalia;2012;0;0;2372000000;9797000;238397;0
Somalia;2012;0;0;2372000000;9797000;637657;0
Somalia;2016;0;0;6217000000;10787104;637657;0
Solomon Islands;2004;0;0;800000000;523617;28896;0
Solomon Islands;2008;0;0;699157191;566842;27990;0
Solomon Islands;2012;0;0;800000000;553935;28896;0
Solomon Islands;2016;0;0;1202000000;583591;28896;0
Slovenia;2004;4;2;36890000000;2011473;20273;0
Slovenia;2008;5;4;55552509155;2009245;20140;0
Slovenia;2012;0;5;52400000000;2061770;20273;0
Slovenia;2016;4;0;43991000000;2063768;20273;0
Slovakia;2004;0;5;72290000000;5423567;49037;0
Slovakia;2008;6;0;100470000000;5447502;48100;0
Slovakia;2012;4;6;97200000000;5445324;49037;0
Slovakia;2016;4;4;89552000000;5424050;49037;0
Singapore;2004;0;0;109100000000;4353893;728;0
Singapore;2008;1;;193612000000;4553009;697;0
Singapore;2012;0;1;266500000000;5312400;728;0
Singapore;2016;1;0;296966000000;5535002;728;0
Sierra Leone;2004;0;0;3057000000;5883889;71740;0
Sierra Leone;2008;0;0;2505458705;6144562;71620;0
Sierra Leone;2012;0;0;2100000000;6126000;71740;0
Sierra Leone;2016;0;0;3669000000;6453184;71740;0
Seychelles;2004;0;0;626000000;80832;452;0
Seychelles;2008;0;0;967199594;81895;460;0
Seychelles;2012;0;0;1000000000;90945;452;0
Seychelles;2016;0;0;1427000000;92900;452;0
Serbia;2004;0;0;52194221469;;88361;0
Serbia;2008;3;0;52194221469;10150265;88360;0
Serbia;2012;0;3;43900000000;7120666;185180;0
Serbia;2012;0;0;43900000000;7120666;88361;0
Serbia;2016;8;0;37745000000;7098247;88361;0
Senegal;2004;0;0;16930000000;10852147;196722;0
Senegal;2008;0;0;16949789465;12521851;192530;0
Senegal;2012;0;0;14700000000;12855153;196722;0
Senegal;2016;0;0;14765000000;15129273;196722;0
Saudi Arabia;2004;0;2;286200000000;25795938;2149690;0
Saudi Arabia;2008;0;0;519797000000;27601038;2000000;0
Saudi Arabia;2012;0;0;560300000000;28376355;2149690;0
Saudi Arabia;2016;0;0;646438000000;31540372;2149690;0
Sao Tome & Principe;2004;0;0;1880211906;;;0
Sao Tome & Principe;2008;0;0;1880211906;171120;960;0
Sao Tome & Principe;2012;0;0;1880211906;0;964;0
San Marino;2004;0;0;940000000;28503;61;0
San Marino;2008;0;0;2393437820;29615;60;0
San Marino;2012;0;0;16110000000;32404;61;0
Samoa;2004;0;0;1000000000;177714;2842;0
Samoa;2008;1;0;6192607216;214265;2830;0
Samoa;2012;0;1;600000000;186340;2842;0
Samoa;2016;0;0;786000000;193228;2842;0
Saint Vincent and the Grenadines;2008;0;0;6954288519;118149;390;0
Saint Lucia;2004;0;0;866000000;164213;616;0
Saint Lucia;2008;0;0;1437731111;170649;610;0
Saint Lucia;2012;0;0;1300000000;166526;616;0
Saint Lucia;2016;0;0;1379000;184999;616;0
Saint Kitts and Nevis;2004;0;0;339000000;38836;261;0
Saint Kitts and Nevis;2008;0;0;7512333333;39349;260;0
Saint Kitts and Nevis;2012;0;0;700000000;51970;261;0
Saint Kitts and Nevis;2016;0;0;917000;55572;261;0
Rwanda;2004;0;0;10110000000;7954013;26338;0
Rwanda;2008;0;0;5179108956;9907509;24670;0
Rwanda;2012;0;0;6000000000;10718379;241550;0
Rwanda;2012;0;0;6000000000;10718379;26338;0
Rwanda;2016;0;0;8376000;11609666;26338;0
Russia;2004;90;89;1287000000000;143782338;17098246;0
Russia;2008;60;90;1660850000000;141377752;16380000;0
Russia;2012;68;60;1885000000000;143300000;17098246;0
Russia;2016;56;68;1283162000;144096812;17098246;0
Romania;2004;19;26;154400000000;22355551;238397;0
Romania;2008;9;19;214314000000;22276056;229890;0
Romania;2012;7;9;185300000000;19042936;238397;0
Romania;2012;7;7;185300000000;19042936;637657;0
Romania;2016;4;;186691000;19832389;238397;0
Republic of the Congo;2008;0;0;11649858744;60410000;341500;0
Refugee Olympic Athletes;2012;0;0;0;0;0;0
Qatar;2004;0;1;17540000000;840290;11586;0
Qatar;2008;0;0;115270000000;907229;11590;0
Qatar;2012;0;0;173200000000;1757540;11586;0
Qatar;2016;1;0;152469000;2235355;11586;0
Puerto Rico;2004;0;0;65280000000;3897960;;0
Puerto Rico;2008;0;0;93639300000;3944259;8870;0
Puerto Rico;2012;0;0;93520000000;0;9104;0
Puerto Rico;2016;1;0;103135000;3407000;9104;0
Portugal;2004;3;2;182300000000;10524145;92226;0
Portugal;2008;2;3;262345000000;10642836;91500;0
Portugal;2012;0;2;241900000000;10561614;92226;0
Portugal;2016;1;0;204565000000;10348648;92226;0
Poland;2004;10;14;426700000000;38626349;312696;0
Poland;2008;11;10;533609000000;38518241;304250;0
Poland;2012;11;11;531800000000;38538447;312696;0
Poland;2016;11;11;469509000000;37999494;312696;0
Philippines;2004;0;0;390700000000;86241697;300000;0
Philippines;2008;0;0;181007000000;91077287;298170;0
Philippines;2012;0;0;216100000000;92337852;300000;0
Philippines;2016;1;0;304905000000;100699395;300000;0
Peru;2004;0;0;146900000000;27544305;1285216;0
Peru;2008;0;0;120551000000;28674757;1280000;0
Peru;2012;0;0;168500000000;30135875;1285216;0
Peru;2016;0;0;192094000000;31376670;1285216;0
Paraguay;2004;0;0;28030000000;6191368;406752;0
Paraguay;2008;0;0;24578067861;6669086;397300;0
Paraguay;2012;0;0;22300000000;6337127;406752;0
Paraguay;2016;0;0;27441000000;6639123;406752;0
Papua New Guinea;2004;0;0;11400000000;5420280;462840;0
Papua New Guinea;2008;0;0;11670840924;5795887;452860;0
Papua New Guinea;2012;0;0;11400000000;7170000;462840;0
Papua New Guinea;2016;0;0;16929000000;7619321;462840;0
Panama;2004;0;0;18620000000;3000463;75417;0
Panama;2008;1;0;25155888600;3242173;74340;0
Panama;2012;0;1;30200000000;3405813;75417;0
Panama;2012;0;0;30200000000;3405813;9984670;0
Panama;2016;0;0;55188000000;3929141;75417;0
Palestine;2004;0;0;3294000000;;;0
Palestine;2008;0;0;3294000000;3592000;6220;0
Palestine;2012;0;0;3294000000;0;0;0
Palau;2004;0;0;174000000;20016;459;0
Palau;2008;0;0;198283900;20842;460;0
Palau;2012;0;0;164000000;21000;459;0
Palau;2016;0;0;293000;21291;459;0
Pakistan;2004;0;0;317700000000;159196336;907843;0
Pakistan;2008;0;0;170078000000;164741924;770880;0
Pakistan;2012;0;0;204100000000;181337000;907843;0
Pakistan;2016;0;0;283660000000;188924874;907843;0
Oman;2004;0;0;37500000000;2903165;309500;0
Oman;2008;0;0;60905452458;3204897;309500;0
Oman;2012;0;0;66800000000;2773479;309500;0
Oman;2016;0;0;66293000000;4490541;309500;0
Norway;2004;6;10;171600000000;4574560;385207;0
Norway;2008;9;6;462250000000;4627926;304280;0
Norway;2012;4;9;479300000000;5050600;323802;0
Norway;2012;4;4;479300000000;5050600;385207;0
Norway;2016;4;4;370557000000;5195921;385207;0
North Korea;2004;5;4;13337000000;;120540;0
North Korea;2008;6;5;13337000000;24310000;120540;0
North Korea;2012;6;6;15907000000;24554000;120540;0
Nigeria;2004;0;3;110800000000;137253133;923768;0
Nigeria;2008;5;0;337036000000;135031164;910770;0
Nigeria;2012;0;5;247100000000;166629000;923768;0
Nigeria;2016;1;0;247100000000;182201962;923768;0
Niger;2004;0;0;9062000000;11360538;1267000;0
Niger;2008;0;0;7297600897;12894865;1270000;0
Niger;2012;0;0;6500000000;16274738;1267000;0
Niger;2016;1;0;7509000000;19899120;1267000;0
Nicaragua;2004;0;0;11490000000;5359759;130373;0
Nicaragua;2008;0;0;8496946608;5675356;119990;0
Nicaragua;2012;0;0;7100000000;6071045;130373;0
Nicaragua;2016;0;0;13231000000;6082032;130373;0
New Zealand;2004;5;4;85260000000;3993817;270467;0
New Zealand;2008;9;5;133290000000;4115771;267710;0
New Zealand;2012;13;9;168800000000;4446900;270467;0
New Zealand;2016;18;13;185017000000;4595700;270467;0
Netherlands;2004;22;25;461400000000;16318199;41850;0
Netherlands;2008;16;22;947998000000;16570613;33760;0
Netherlands;2012;20;16;858300000000;16765558;41850;0
Netherlands;2016;19;20;770845000000;16936520;41850;0
Nepal;2004;0;0;38070000000;27070666;147181;0
Nepal;2008;0;0;12545438605;28901790;143350;0
Nepal;2012;0;0;18300000000;26620809;147181;0
Nepal;2016;0;0;21144000000;28513700;147181;0
Nauru;2004;0;0;60000000;12809;21;0
Nauru;2008;0;0;39290000;13528;21;0
Nauru;2012;0;0;39290000;10000;21;0
Nauru;2016;0;0;102000;10222;21;0
Namibia;2004;0;0;13720000000;1954033;825615;0
Namibia;2008;0;0;84964924920;2055080;823290;0
Namibia;2012;0;0;13000000000;2104900;752612;0
Namibia;2012;0;0;13000000000;2104900;825615;0
Namibia;2016;0;0;10267000000;2458830;825615;0
Myanmar;2004;0;0;31862554102;;676578;0
Myanmar;2008;0;0;31862554102;49930000;676575;0
Myanmar;2012;0;0;67430000000;48724000;676578;0
Myanmar;2016;0;0;67430000000;53050000;676578;0
Mozambique;2004;0;1;21230000000;18811731;801590;0
Mozambique;2008;0;0;12556195189;20905585;786380;0
Mozambique;2012;0;0;12100000000;23700715;801590;0
Mozambique;2016;0;0;11015000000;27977863;801590;0
Morocco;2004;3;5;128300000000;32209101;446550;0
Morocco;2008;2;3;92507257784;33757175;446300;0
Morocco;2012;0;2;101800000000;32741100;446550;0
Morocco;2016;1;0;101445000000;34377511;446550;0
Montenegro;2004;0;0;4545674528;;13812;0
Montenegro;2008;0;0;4545674528;684736;14026;0
Montenegro;2012;0;0;4200000000;620029;13812;0
Montenegro;2016;0;0;4173000000;622303;13812;0
Mongolia;2004;0;0;4877000000;2751314;1564110;0
Mongolia;2008;4;0;5623216449;2951786;1550000;0
Mongolia;2012;5;4;8800000000;2736800;1564110;0
Mongolia;2016;2;5;1116000000;2959134;1564110;0
Monaco;2004;0;0;8700000000;32270;202;0
Monaco;2008;0;0;6476490406;32671;2;0
Monaco;2012;0;0;5470000000;35000;202;0
Moldova;2004;0;2;7792000000;4446455;33846;0
Moldova;2008;1;0;6054849885;4320490;32890;0
Moldova;2012;0;1;7200000000;3559500;33846;0
Moldova;2016;0;0;6750000000;3554150;33846;0
Mexico;2004;4;6;942200000000;104959594;1964375;0
Mexico;2008;4;4;1109990000000;108700891;1940000;0
Mexico;2012;0;4;1185000000000;112336538;1964375;0
Mexico;2016;5;0;1046000000000;127017224;1964375;0
Mauritius;2004;0;0;13850000000;1220481;2040;0
Mauritius;2008;1;0;9990370016;1250882;2030;0
Mauritius;2012;0;1;11000000000;1286051;2040;0
Mauritius;2016;0;0;12164000000;1262605;2040;0
Mauritania;2004;0;0;5195000000;2998563;1030700;0
Mauritania;2008;0;0;5138471610;3270065;1030000;0
Mauritania;2012;0;0;4000000000;3378254;1030700;0
Mauritania;2016;0;0;4635000000;4067564;1030700;0
Marshall Islands;2004;0;0;115000000;57738;181;0
Marshall Islands;2008;0;0;153135800;61815;180;0
Marshall Islands;2012;0;0;161700000;54305;181;0
Marshall Islands;2016;0;0;183000000;57735;181;0
Malta;2004;0;0;7082000000;396851;316;0
Malta;2008;0;0;9090406750;401880;320;0
Malta;2012;0;0;9300000000;417617;316;0
Malta;2016;0;0;10949000000;431333;316;0
Mali;2004;0;0;10530000000;11956788;1240192;0
Mali;2008;0;0;9798741074;11995402;1220000;0
Mali;2012;0;0;11000000000;14528662;1240192;0
Mali;2016;0;0;14045000000;17599694;1240192;0
Maldives;2004;0;0;1250000000;339330;300;0
Maldives;2008;0;0;2271646188;369031;300;0
Maldives;2012;0;0;2100000000;317280;300;0
Maldives;2016;0;0;3591000000;409163;300;0
Malaysia;2004;0;0;207200000000;23522482;330803;0
Malaysia;2008;1;0;230814000000;24821286;328550;0
Malaysia;2012;0;1;247600000000;29570000;330803;0
Malaysia;2016;5;0;296359000000;30331007;330803;0
Malawi;2004;0;0;6845000000;11906855;118484;0
Malawi;2008;0;0;5321012192;13603181;94080;0
Malawi;2012;0;0;5700000000;15883000;118484;0
Malawi;2012;0;0;5700000000;15883000;1240192;0
Malawi;2016;0;0;5442000000;17215232;118484;0
Madagascar;2004;0;0;13020000000;17501871;587041;0
Madagascar;2008;0;0;10725137478;19448815;581540;0
Madagascar;2012;0;0;9400000000;20696070;587041;0
Madagascar;2016;0;0;9991000000;24235390;587041;0
Macedonia;2008;0;0;99100000000;2055915;25713;0
Macedonia;2016;0;0;10900000000;2078453;25713;0
Luxembourg;2004;0;0;25010000000;462690;2586;0
Luxembourg;2008;0;0;55849686539;480222;2590;0
Luxembourg;2012;0;0;62900000000;511800;2586;0
Luxembourg;2016;0;0;59948000000;569676;2586;0
Lithuania;2004;3;5;40170000000;3607899;65300;0
Lithuania;2008;5;3;47797551588;3575439;62680;0
Lithuania;2012;5;5;43200000000;3180394;65300;0
Lithuania;2016;4;5;42739000000;2910199;65300;0
Liechtenstein;2004;0;0;825000000;33436;160;0
Liechtenstein;2008;0;0;5081432924;34247;160;0
Liechtenstein;2012;0;0;5080000000;36476;160;0
Liechtenstein;2016;0;0;5488000000;37531;160;0
Libya;2004;0;0;35000000000;5631585;1759540;0
Libya;2008;0;0;87140405361;6036914;1760000;0
Libya;2012;0;0;87140405361;6469000;1759540;0
Libya;2016;0;0;29153000000;6278438;1759540;0
Liberia;2004;0;0;3261000000;3390635;111369;0
Liberia;2008;0;0;1726000000;3195931;96320;0
Liberia;2012;0;0;1200000000;4245000;111369;0
Liberia;2012;0;0;1200000000;4245000;923768;0
Liberia;2016;0;0;2101000000;4503438;111369;0
Lesotho;2004;0;0;5594000000;1865040;30355;0
Lesotho;2008;0;0;1758534995;2125262;30350;0
Lesotho;2012;0;0;2700000000;2217000;30355;0
Lesotho;2016;0;0;2200000000;2135022;30355;0
Lebanon;2004;0;0;17820000000;3777218;10452;0
Lebanon;2008;0;0;29118916106;3925502;10230;0
Lebanon;2012;0;0;41500000000;4292000;10452;0
Lebanon;2016;0;0;47537000000;5850743;10452;0
Latvia;2004;4;3;23770000000;2306306;64559;0
Latvia;2008;3;4;35756225698;2259810;62250;0
Latvia;2012;0;3;27400000000;2070371;64559;0
Latvia;2016;0;0;27677000000;1978440;64559;0
Laos;2004;0;0;1034000000;6068117;236800;0
Laos;2008;0;0;5444000000;6521998;230800;0
Laos;2012;0;0;7900000000;6465800;236800;0
Laos;2016;0;0;1590300000;6802023;236800;0
Kyrgyzstan;2004;0;1;7725000000;5081429;199951;0
Kyrgyzstan;2008;3;0;5139957785;5284149;191800;0
Kyrgyzstan;2012;0;3;5400000000;5477600;199951;0
Kyrgyzstan;2016;0;0;6551000000;5957000;199951;0
Kuwait;2004;0;1;395400000000;2257549;17818;0
Kuwait;2008;0;0;147395000000;2505559;17820;0
Kuwait;2012;0;0;171100000000;3582054;17818;0
Kosovo;2004;0;0;6700000000;;10887;0
Kosovo;2012;0;0;6700000000;0;10887;0
Kosovo;2016;1;0;7047000000;1816000;10887;0
Kiribati;2004;0;0;79000000;100798;811;0
Kiribati;2008;0;0;1410426103;107817;810;0
Kiribati;2012;0;0;200000000;103000;811;0
Kiribati;2016;0;0;166000000;112524;811;0
Kenya;2004;7;7;33090000000;32021856;580367;0
Kenya;2008;16;7;35895153328;36913721;569140;0
Kenya;2012;13;16;36100000000;38610097;580367;0
Kenya;2016;13;13;70529000000;46050302;580367;0
Kazakhstan;2004;8;7;105300000000;15143704;2724900;0
Kazakhstan;2008;9;8;133442000000;15284929;2700000;0
Kazakhstan;2012;11;9;180100000000;16815000;2724900;0
Kazakhstan;2016;18;11;133657000000;17544126;2724900;0
Jordan;2004;0;0;23640000000;5611202;89342;0
Jordan;2008;0;0;22657662395;6053193;88240;0
Jordan;2012;0;0;28400000000;6374500;89342;0
Jordan;2016;1;0;38655000000;7594547;89342;0
Japan;2004;37;18;3567000000000;127333002;377976;0
Japan;2008;25;37;5037910000000;127433494;364500;0
Japan;2012;38;25;5855000000000;127530000;377975;0
Japan;2016;41;38;4939380000000;126958472;377975;0
Jamaica;2004;5;9;10210000000;2713130;10991;0
Jamaica;2008;11;5;13709402085;2780132;10830;0
Jamaica;2012;12;11;14700000000;2709300;10991;0
Jamaica;2016;11;12;14027000000;2725941;10991;0
Ivory Coast;2004;0;0;2422000000;;322463;0
Ivory Coast;2008;0;0;2422000000;19610000;322463;0
Ivory Coast;2012;0;0;5000000000;21395000;322463;0
Italy;2004;32;34;1552000000000;58057477;301339;0
Italy;2008;27;32;2398860000000;58147733;294140;0
Italy;2012;28;27;2246000000000;60849247;301339;0
Italy;2016;28;28;1849970000000;60802085;301339;0
Israel;2004;0;1;120600000000;6199008;20770;0
Israel;2008;1;0;216105000000;6426679;21640;0
Israel;2012;0;1;245300000000;7941900;20770;0
Israel;2016;2;0;318744000000;8380400;20770;0
Ireland;2004;0;1;117000000000;3969558;70273;0
Ireland;2008;3;0;275039000000;4109086;68890;0
Ireland;2012;6;3;222300000000;4588252;103000;0
Ireland;2012;6;6;222300000000;4588252;70273;0
Ireland;2016;2;6;294054000000;4726000;84421;0
Iraq;2004;0;0;38790000000;25374691;438317;0
Iraq;2008;0;0;131614000000;27499638;437370;0
Iraq;2012;0;0;108600000000;33330000;1648195;0
Iraq;2012;0;0;108600000000;33330000;438317;0
Iraq;2016;0;0;171489000000;36423395;438317;0
Iran;2004;6;4;477800000000;69018924;1648195;0
Iran;2008;2;6;412336000000;65397521;1648000;0
Iran;2012;13;2;480300000000;75149669;1648195;0
Iran;2016;8;13;425326000000;79109272;1648195;0
Indonesia;2004;4;6;758100000000;238452952;1910931;0
Indonesia;2008;6;4;510229000000;234693997;1810000;0
Indonesia;2012;0;6;834300000000;237641326;1910931;0
Indonesia;2016;3;0;932259000000;257563815;1910931;0
India;2004;0;1;3022000000000;1065070607;3287263;0
India;2008;3;0;1198900000000;1129866154;2970000;0
India;2012;6;3;1843000000000;1210193422;3287263;0
India;2016;2;6;2263520000000;1311050527;3287263;0
Iceland;2004;0;0;8678000000;293966;103000;0
Iceland;2008;1;0;17905251723;301931;100250;0
Iceland;2012;0;1;14100000000;320060;103000;0
Iceland;2016;0;0;20047000000;330823;103000;0
Hungary;2004;17;17;139700000000;10032375;93028;0
Hungary;2008;10;17;158136000000;9956108;89610;0
Hungary;2012;18;10;147900000000;9957731;93028;0
Hungary;2016;15;18;124343000;9830000;93030;0
Hong Kong, China;2012;0;0;0;0;2755;0
Hong Kong;2004;1;0;212200000000;6855125;;0
Hong Kong;2008;0;0;219280000000;6980412;1106;0
Hong Kong;2016;0;0;320912000;7337000;1106;0
Honduras;2004;0;0;17460000000;6823568;112492;0
Honduras;2008;0;0;13881701034;7483763;111890;0
Honduras;2012;0;0;17300000000;8385072;112492;0
Honduras;2016;0;0;21517000;8075060;112492;0
Haiti;2004;0;0;12180000000;7656166;27750;0
Haiti;2008;0;0;10386485528;8706497;27560;0
Haiti;2012;0;0;7400000000;10085214;27750;0
Haiti;2016;0;0;8023000;10711067;27750;0
Guyana;2004;0;0;2792000000;705803;214969;0
Guyana;2008;0;0;3025189399;769095;196850;0
Guyana;2012;0;0;2500000000;784894;214969;0
Guyana;2012;0;0;2500000000;784894;238533;0
Guyana;2016;0;0;3446000;767085;214969;0
Guinea-Bissau;2004;0;0;1164000000;1388363;36125;0
Guinea-Bissau;2008;0;0;8681547085;1472780;28120;0
Guinea-Bissau;2012;0;0;1000000000;1520830;36125;0
Guinea-Bissau;2016;0;0;1126000;1782000;36125;0
Guinea;2004;0;0;18870000000;9246462;245857;0
Guinea;2008;0;0;6964179194;9947814;245720;0
Guinea;2012;0;0;4600000000;10824200;245857;0
Guinea;2016;0;0;6299000000;12608590;245857;0
Guatemala;2004;0;0;56530000000;14280596;108889;0
Guatemala;2008;0;0;39136436614;12728111;107160;0
Guatemala;2012;0;0;46700000000;14713763;108889;0
Guatemala;2016;0;0;68763000000;16342897;108889;0
Guam;2004;0;0;3200000000;166090;;0
Guam;2008;0;0;4621000000;173456;540;0
Guam;2012;0;0;NA;0;549;0
Grenada;2004;0;0;440000000;89357;344;0
Grenada;2008;0;0;825976037;89971;340;0
Grenada;2012;0;0;800000000;110821;344;0
Grenada;2016;1;0;1016000;106825;344;0
Greece;2004;16;13;212200000000;10647529;131957;1
Greece;2008;3;16;354461000000;10706290;128900;0
Greece;2012;2;3;312000000000;10787690;131957;0
Greece;2016;6;2;194559000;10823732;131957;0
Great Britain;2004;30;28;2417000000000;59790000;242495;0
Great Britain;2008;51;30;2923000000000;61570000;209331;0
Great Britain;2012;65;51;2705000000000;63500000;242495;1
Great Britain;2016;67;65;2705000000000;65380000;242495;0
Ghana;2004;0;0;44490000000;20757032;238533;0
Ghana;2008;0;0;28678701891;22931299;227540;0
Ghana;2012;0;0;38600000000;24658823;238533;0
Ghana;2016;0;0;42690000;28480000;238535;0
Germany;2004;49;56;2271000000000;82424609;357114;0
Germany;2008;41;49;3730030000000;82400996;348770;0
Germany;2012;44;41;3629000000000;81857000;357114;0
Germany;2016;42;44;3466757000;81413145;357114;0
Georgia;2004;4;6;12180000000;4693892;69700;0
Georgia;2008;7;4;12795076469;4646003;69490;0
Georgia;2012;6;7;13800000000;4497600;69700;0
Georgia;2016;7;6;14333000;3679000;69700;0
Gabon;2004;0;0;7301000000;1355246;267668;0
Gabon;2008;0;0;15571349776;1454867;257670;0
Gabon;2012;0;0;16700000000;1564000;267668;0
Gabon;2016;0;0;14214000;1725292;267668;0
France;2004;33;38;1654000000000;60424213;640679;0
France;2008;43;33;2918380000000;63718187;547660;0
France;2012;35;43;2808000000000;65350000;543940;0
France;2012;35;35;2808000000000;65350000;640679;0
France;2016;42;35;2465454000;66808385;640679;0
Finland;2004;2;4;141700000000;5214512;338424;0
Finland;2008;4;2;284554000000;5238460;304090;0
Finland;2012;0;4;270600000000;5425320;338424;0
Finland;2016;1;0;236785000;5482013;338424;0
Fiji;2004;0;0;5007000000;880874;18272;0
Fiji;2008;0;0;3523185920;918675;18270;0
Fiji;2012;0;0;3400000000;876000;18272;0
Fiji;2016;1;0;4632000;892145;18272;0
Federated States of Micronesia;2004;0;0;263145100;;702;0
Federated States of Micronesia;2008;0;0;263145100;103543;702;0
Federated States of Micronesia;2012;0;0;322000000;102843;702;0
Federated States of Micronesia;2016;0;0;322000;110215;702;0
Ethiopia;2004;7;8;48470000000;67851281;1104300;0
Ethiopia;2008;7;7;27066912635;76511887;1000000;0
Ethiopia;2012;8;7;30500000000;84320987;1104300;0
Ethiopia;2016;8;8;72374000;99390750;1104300;0
Estonia;2004;3;3;17370000000;1341664;45227;0
Estonia;2008;2;3;24371299253;1315912;42390;0
Estonia;2012;0;2;22500000000;1294236;45227;0
Estonia;2016;1;0;23137000000;1311998;45227;0
Eritrea;2004;1;0;3300000000;4447307;117600;0
Eritrea;2008;0;1;1380188800;4906585;101000;0
Eritrea;2012;0;0;2600000000;5581000;117600;0
Equatorial Guinea;2004;0;0;12700000000;523051;28051;0
Equatorial Guinea;2008;0;0;19749893536;551201;28050;0
Equatorial Guinea;2012;0;0;19400000000;740000;28051;0
Equatorial Guinea;2016;0;0;10179000000;845060;28051;0
El Salvador;2004;0;0;30990000000;6587541;21041;0
El Salvador;2008;0;0;17986890000;6948073;20720;0
El Salvador;2012;0;0;22600000000;6183000;21041;0
El Salvador;2016;0;0;26797000000;6126583;21041;0
Egypt;2004;5;0;294300000000;76117421;1002450;0
Egypt;2008;2;5;162818000000;80335036;1010000;0
Egypt;2012;4;2;231900000000;82886000;1002450;0
Egypt;2016;3;4;336297000000;91508084;1002450;0
Ecuador;2004;0;0;45460000000;13212742;276841;0
Ecuador;2008;1;0;61762635000;13755680;276840;0
Ecuador;2012;0;1;65300000000;14483499;276841;0
Ecuador;2016;0;0;97802000000;16144363;276841;0
East Timor;2008;0;0;4391000000;1055000;14870;0
Dominican Republic;2004;0;0;5216000000;8833634;48671;0
Dominican Republic;2008;2;0;48122547177;9365818;48442;0
Dominican Republic;2012;2;2;54400000000;9445281;48671;0
Dominican Republic;2016;1;2;71584000000;10528391;48671;0
Dominica;2004;0;0;3800000000;69278;751;0
Dominica;2008;0;0;4581901852;72386;750;0
Dominica;2012;0;0;5000000000;71293;751;0
Dominica;2016;0;0;5250000000;72680;751;0
Djibouti;2004;0;0;619000000;466900;23200;0
Djibouti;2008;0;0;9991053393;496374;23180;0
Djibouti;2012;0;0;1300000000;818159;23200;0
Djibouti;2016;0;0;1589000000;887861;23200;0
Denmark;2004;8;6;167700000000;5413392;43094;0
Denmark;2008;7;8;353361000000;5468120;42430;0
Denmark;2012;9;7;349100000000;5587085;43094;0
Denmark;2016;15;9;306143000000;5676002;43094;0
Democratic Republic of the Congo;2004;0;0;19788515874;;2344858;0
Democratic Republic of the Congo;2008;0;0;19788515874;60410000;2270000;0
Democratic Republic of the Congo;2016;0;0;34999000000;78790000;2345000;0
Czech Republic;2004;9;8;160500000000;10246178;78865;0
Czech Republic;2008;7;9;236816000000;10228744;77250;0
Czech Republic;2012;11;7;220300000000;10507566;78865;0
Czech Republic;2016;10;11;192925000000;10551219;78865;0
Cyprus;2004;0;0;8900000000;775927;9251;0
Cyprus;2008;0;0;27844698989;788457;9240;0
Cyprus;2012;0;0;25700000000;838897;9251;0
Cyprus;2016;0;0;19802000000;1165300;9251;0
Cuba;2004;27;29;31590000000;11308764;109884;0
Cuba;2008;30;27;60806300000;11394043;109820;0
Cuba;2012;15;30;57490000000;11247925;109884;0
Croatia;2004;5;2;47140000000;4496869;56594;0
Croatia;2008;5;5;70234425974;4493312;53910;0
Croatia;2012;6;5;64200000000;4290612;56594;0
Croatia;2016;10;6;50425000000;4224404;56594;0
Costa Rica;2004;0;2;35160000000;3956507;51100;0
Costa Rica;2008;0;0;30612927059;4133884;51060;0
Costa Rica;2012;0;0;40000000000;4301712;51100;0
Costa Rica;2016;0;0;57436000000;4807850;51100;0
Cook Islands;2004;0;0;10500000000;21200;;0
Cook Islands;2008;0;0;35500000000;21750;2367;0
Cook Islands;2012;0;0;18320000000;0;236;0
Comoros;2004;0;0;441000000;651901;1862;0
Comoros;2008;0;0;9156591928;711417;1860;0
Comoros;2012;0;0;600000000;669300;1862;0
Comoros;2016;0;0;617000000;788474;1862;0
Colombia;2004;2;1;262500000000;42310775;1141748;0
Colombia;2008;3;2;242187000000;44379598;1110000;0
Colombia;2012;8;3;321500000000;46803000;1141748;0
Colombia;2016;8;8;282463000;48228704;1141748;0
Chinese Taipei;2004;5;5;417038000;22571224;36193;0
Chinese Taipei;2008;4;5;417038000;23037000;36193;0
Chinese Taipei;2012;2;4;417038000;23315822;36193;0
China;2004;63;58;6449000000000;1298847624;9596961;0
China;2008;100;63;4594310000000;1321851888;9330000;1
China;2012;91;100;6989000000000;1347350000;9596961;0
China;2016;70;91;11199145000;1371220000;9596961;0
Chile;2004;3;1;154600000000;15823957;756102;0
Chile;2008;1;3;179638000000;16284741;743800;0
Chile;2012;0;1;243000000000;16572475;756102;0
Chile;2016;0;0;247028000;17948141;756102;0
Chad;2004;0;0;10860000000;9538544;1284000;0
Chad;2008;0;0;10393834721;9885661;1260000;0
Chad;2012;0;0;9600000000;11274106;1284000;0
Chad;2016;0;0;9601000;14560000;1284000;0
Central African Republic;2004;0;0;4584000000;3742482;622984;0
Central African Republic;2008;0;0;1985240986;4369038;622984;0
Central African Republic;2012;0;0;2300000000;4576000;622984;0
Central African Republic;2016;0;0;1756000;4900274;622984;0
Cayman Islands;2004;0;0;1270000000;43103;;0
Cayman Islands;2008;0;0;4586114070;46600;260;0
Cayman Islands;2012;0;0;2250000000;0;264;0
Cape Verde;2004;0;0;600000000;415294;4033;0
Cape Verde;2008;0;0;1789000000;423613;4030;0
Cape Verde;2012;0;0;1900000000;491875;4033;0
Cape Verde;2016;0;0;1617000;531146;4033;0
Canada;2004;12;14;957700000000;32507874;;0
Canada;2008;20;12;1549130000000;33390141;9090000;0
Canada;2012;18;20;1759000000000;34990400;75417;0
Canada;2012;18;18;1759000000000;34990400;9984670;0
Canada;2016;22;18;1529760000;35851774;9984670;0
Cameroon;2004;1;1;27590000000;16063678;475442;0
Cameroon;2008;1;1;26409781215;18060382;472710;0
Cameroon;2012;0;1;25800000000;19406100;475442;0
Cameroon;2016;0;0;24204000;23344179;475442;0
Cambodia;2004;0;0;22760000000;13363421;181035;0
Cambodia;2008;0;0;10351914093;13995904;176520;0
Cambodia;2012;0;0;13200000000;14478000;181035;0
Cambodia;2016;0;0;20017000;15577899;181035;0
Burundi;2004;0;0;3830000000;6231221;27834;0
Burundi;2008;0;0;1611835902;8390505;25680;0
Burundi;2012;0;0;1700000000;8749000;27834;0
Burundi;2012;0;0;1700000000;8749000;5765;0
Burundi;2016;1;0;3007000;11178921;27834;0
Burkina Faso;2004;0;0;14330000000;13574820;274222;0
Burkina Faso;2008;0;0;9451436359;14326203;273600;0
Burkina Faso;2012;0;0;10100000000;15730977;274222;0
Burkina Faso;2016;0;0;12115000;18105570;274222;0
Bulgaria;2004;12;13;57130000000;7517973;111002;0
Bulgaria;2008;5;12;54438966420;7322858;108610;0
Bulgaria;2012;3;5;54300000000;7364570;111002;0
Bulgaria;2016;3;3;52395000;7177991;111002;0
Brunei;2004;0;0;6500000000;365251;5765;0
Brunei;2012;0;0;15600000000;393162;27834;0
Brunei;2012;0;0;15600000000;393162;5765;0
Brunei;2016;0;0;11400000;423188;5765;0
British Virgin Islands;2004;0;0;320000000;22187;;0
British Virgin Islands;2008;0;0;1027000000000;23552;153;0
British Virgin Islands;2012;0;0;1095000000;0;151;0
Brazil;2004;10;12;1379000000000;184101109;8515767;0
Brazil;2008;17;10;1695820000000;190010647;8460000;0
Brazil;2012;17;17;2518000000000;193946886;8515767;0
Brazil;2016;19;17;1796187000;207847528;8515767;1
Botswana;2004;0;0;13900000000;1561973;581730;0
Botswana;2008;0;0;10945070442;1815508;566730;0
Botswana;2012;1;0;16400000000;2024904;581730;0
Botswana;2016;0;1;15275000;2262485;581730;0
Bosnia and Herzegovina;2004;0;0;24390000000;4007608;51209;0
Bosnia and Herzegovina;2008;0;0;19112739664;4552198;51200;0
Bosnia and Herzegovina;2012;0;0;18300000000;3868621;51209;0
Bosnia and Herzegovina;2016;0;0;16560000000;3810416;51209;0
Bolivia;2004;0;0;20880000000;8724156;1098581;0
Bolivia;2008;0;0;16674324634;9119152;1080000;0
Bolivia;2012;0;0;23900000000;10426155;1098581;0
Bolivia;2016;0;0;33806000000;10724705;1098581;0
Bhutan;2004;0;0;2700000000;2185569;38394;0
Bhutan;2008;0;0;1227808791;2327849;38394;0
Bhutan;2012;0;0;1830000000;720679;38394;0
Bhutan;2016;0;0;2237000000;774830;38394;0
Bermuda;2004;0;0;2330000000;64935;;0
Bermuda;2008;0;0;6980000000;66163;50;0
Bermuda;2012;0;0;6980000000;0;54;0
Bermuda;2016;0;0;5574000000;64555;54;0
Benin;2004;0;0;7742000000;7250033;114763;0
Benin;2008;0;0;9748276762;8078314;110620;0
Benin;2012;0;0;7500000000;9352000;114763;0
Benin;2016;0;0;8583000000;10879829;114763;0
Belize;2004;0;0;1280000000;272945;22966;0
Belize;2008;0;0;1351350000;294385;22810;0
Belize;2012;0;0;1500000000;312971;22966;0
Belize;2016;0;0;1765000000;359287;22966;0
Belgium;2004;3;5;298200000000;10348276;30528;0
Belgium;2008;2;3;515224000000;10392226;30280;0
Belgium;2012;3;2;529000000000;10839905;30528;0
Belgium;2016;6;3;466366000000;11285721;30528;0
Belarus;2004;13;17;61910000000;10310520;207600;0
Belarus;2008;14;13;60763483146;9724723;202900;0
Belarus;2012;10;14;57700000000;9460000;207600;0
Belarus;2016;9;10;47433000000;9513000;207600;0
Barbados;2004;0;1;4496000000;278289;430;0
Barbados;2008;0;0;4785000000;280946;430;0
Barbados;2012;0;0;4400000000;274200;430;0
Barbados;2016;0;0;458800000;284215;430;0
Bangladesh;2004;0;0;258800000000;141340476;148460;0
Bangladesh;2008;0;0;916313000000;150448339;130170;0
Bangladesh;2012;0;0;115000000000;152518015;148460;0
Bangladesh;2016;0;0;221415000;160995642;148460;0
Bahrain;2004;0;0;11380000000;677886;778;0
Bahrain;2008;0;0;25710904255;708573;710;0
Bahrain;2012;0;0;26400000000;1234571;778;0
Bahrain;2016;2;0;31859000000;1377237;778;0
Bahamas;2004;2;3;10526000000;;;0
Bahamas;2008;2;2;10526000000;343681;10010;0
Bahamas;2012;0;2;10526000000;353658;0;0
Azerbaijan;2004;5;3;26340000000;7868385;86600;0
Azerbaijan;2008;6;5;48852482960;8120247;82629;0
Azerbaijan;2012;9;6;68500000000;9235100;86600;0
Azerbaijan;2016;18;9;37848000;9651349;86600;0
Austria;2004;7;3;245500000000;8174762;83871;0
Austria;2008;3;7;430294000000;8199783;82450;0
Austria;2012;0;3;425100000000;8452835;7692024;0
Austria;2012;0;0;425100000000;8452835;83871;0
Austria;2016;1;0;386428000000;8611088;7692024;0
Australia;2004;50;58;570300000000;19913144;7692024;0
Australia;2008;46;50;1054000000000;20434176;7680000;0
Australia;2012;35;46;1507000000000;22823882;7692024;0
Australia;2012;35;35;1507000000000;22823882;83871;0
Australia;2016;29;35;1204620000000;23781169;7692024;0
Aruba;2004;0;0;1940000000;71218;;0
Aruba;2008;0;0;2745251397;100018;180;0
Aruba;2012;0;0;2258000000;0;180;0
Armenia;2004;0;1;117900000;2991360;29743;0
Armenia;2008;5;0;116600000;2971650;28200;0
Armenia;2012;2;5;102000000;3275700;29743;0
Armenia;2016;4;2;105470000;3017712;29743;0
Argentina;2004;6;4;432700000000;39144753;2780400;0
Argentina;2008;6;6;361558000000;40301927;2740000;0
Argentina;2012;4;6;435200000000;40117096;2780400;0
Argentina;2012;4;4;435200000000;40117096;29743;0
Argentina;2016;4;4;545866000;43416755;2780400;0
Antigua and Barbuda;2004;0;0;750000000;68320;442;0
Antigua and Barbuda;2008;0;0;137007037;69481;440;0
Antigua and Barbuda;2012;0;0;130000000;86295;442;0
Antigua and Barbuda;2016;0;0;144900000;91818;442;0
Angola;2004;0;0;20590000000;10978552;1246700;0
Angola;2008;0;0;88538611205;12263596;1250000;0
Angola;2012;0;0;99300000000;20609294;1246700;0
Angola;2016;0;0;89633000000;25021974;1246700;0
Andorra;2004;0;0;1300000000;69865;468;0
Andorra;2008;0;0;4085630584;71822;468;0
Andorra;2012;0;0;4085630584;78115;468;0
Andorra;2016;0;0;3249000000;70473;468;0
American Samoa;2004;0;0;500000000;57902;;0
American Samoa;2008;0;0;563000000;57663;200;0
American Samoa;2012;0;0;462200000;0;199;0
Algeria;2004;0;5;194300000000;32129324;2381741;0
Algeria;2008;2;0;171008000000;33333216;2380000;0
Algeria;2012;1;2;183400000000;37100000;2381741;0
Algeria;2012;1;1;183400000000;37100000;923768;0
Algeria;2016;2;1;156080000000;39666519;2381741;0
Albania;2004;0;0;16130000000;3544808;28748;0
Albania;2008;0;0;12881354104;3600523;27400;0
Albania;2012;0;0;13300000000;2831741;28748;0
Albania;2016;0;0;11927000000;2889167;28748;0
Afghanistan;2004;0;0;20000000000;28513677;652230;0
Afghanistan;2008;1;0;10109225814;31889923;652230;0
Afghanistan;2012;1;1;17900000000;25500100;652230;0
Afghanistan;2016;0;1;19469000000;32526562;652230;0
